-- name: SeedCenterSkills :exec
INSERT IGNORE INTO `center_skills` (`id`, `name`) VALUES
(1, 'Vo70%'),
(2, 'Da70%'),
(3, 'Pe70%'),
(4, 'ALL35%'),
(5, 'VoDa50%'),
(6, 'DaPe50%'),
(7, 'VoPe50%'),
(8, 'Vo85%'),
(9, 'Da85%'),
(10, 'Pe85%'),
(11, '5色Vo90%'),
(12, '5色Da90%'),
(13, '5色Pe90%'),
(14, '5色全40%'),
(15, '5色Vo/Da55%'),
(16, '5色Da/Pe55%'),
(17, '5色Pe/Vo55%');

-- name: SeedColorTypes :exec
INSERT IGNORE INTO `color_types` (`id`, `name`) VALUES
(1, 'Red'),
(2, 'Blue'),
(3, 'Green'),
(4, 'Yellow'),
(5, 'Purple'),
(6, 'ALL');

-- name: SeedGroups :exec
INSERT IGNORE INTO `groups` (`id`, `name`) VALUES
(1, '欅坂46/櫻坂46'),
(2, 'けやき坂46/日向坂46');

-- name: SeedLives :exec
INSERT IGNORE INTO `lives` (`id`, `name`, `group_id`) VALUES
(1, '欅坂46 夏の全国アリーナツアー2018', 1),
(2, 'けやき坂46 「走り出す瞬間」ツアー2018', 2),
(3, '欅坂46 生中継! デビューカウントダウンライブ!!', 1),
(4, '日向坂46 デビューカウントダウンライブ!!', 2),
(5, '欅坂46 3rd YEAR ANNIVERSARY LIVE 大阪フェスティバルホール公演', 1),
(6, '欅共和国2019', 1),
(7, '日向坂46 3rdシングル発売記念ワンマンライブ', 2),
(8, '欅坂46 LIVE at 東京ドーム 〜ARENA TOUR 2019 FINAL〜', 1),
(9, '欅坂46 THE LAST LIVE', 1),
(10, 'ひなくり2019', 2),
(11, '欅坂46 3rd YEAR ANNIVERSARY LIVE 日本武道館公演', 1),
(12, 'Live Online, but with YOU!', 1),
(13, 'Live Online, YES! with YOU!', 2),
(14, '櫻坂46 デビューカウントダウンライブ!!', 1),
(15, 'MEMORIAL LIVE 2回目のひな誕祭', 2),
(16, 'ひなくり2020', 2),
(17, '櫻坂46 BACKS LIVE11', 1),
(18, '全国おひさま化計画 2021', 2),
(19, '1st TOUR 2021', 1),
(20, 'W-KEYAKI FES. 2021', 1);

-- name: SeedMembers :exec
INSERT IGNORE INTO `members` (`id`, `name`, `group_id`, `graduated`) VALUES
(1, '井上梨名', 1, 0),
(2, '遠藤光莉', 1, 0),
(3, '関有美子', 1, 0),
(4, '原田葵', 1, 0),
(5, '幸坂茉里乃', 1, 0),
(6, '佐々木久美', 1, 0),
(7, '佐藤詩織', 1, 0),
(8, '山﨑天', 1, 0),
(9, '守屋茜', 1, 0),
(10, '小池美波', 1, 0),
(11, '小林由依', 1, 0),
(12, '松田里奈', 1, 0),
(13, '松平璃子', 1, 1),
(14, '上村莉菜', 1, 0),
(15, '織田奈那', 1, 1),
(16, '森田ひかる', 1, 0),
(17, '菅井友香', 1, 1),
(18, '石森虹花', 1, 1),
(19, '増本綺良', 1, 0),
(20, '大園玲', 1, 0),
(21, '長沢菜々香', 1, 1),
(22, '田村保乃', 1, 0),
(23, '渡辺梨加', 1, 1),
(24, '渡邉理佐', 1, 0),
(25, '土生瑞穗', 1, 0),
(26, '藤吉夏鈴', 1, 0),
(27, '尾関梨香', 1, 0),
(28, '武元唯衣', 1, 0),
(29, '平手友梨奈', 1, 1),
(30, '鈴本美愉', 1, 1),
(31, '齋藤冬優花', 1, 0),
(32, '井口眞緒', 2, 1),
(33, '影山優佳', 2, 0),
(34, '加藤史帆', 2, 0),
(35, '河田陽菜', 2, 0),
(36, '宮田愛萌', 2, 0),
(37, '金村美玖', 2, 0),
(38, '高瀬愛奈', 2, 0),
(39, '高本彩花', 2, 0),
(40, '佐々木美玲', 2, 0),
(41, '小坂菜緒', 2, 0),
(42, '松田好花', 2, 0),
(43, '上村ひなの', 2, 0),
(44, '森本茉莉', 2, 0),
(45, '丹生明里', 2, 0),
(46, '潮紗理菜', 2, 0),
(47, '渡邉美穂', 2, 0),
(48, '東村芽依', 2, 0),
(49, '富田鈴花', 2, 0),
(50, '濱岸ひより', 2, 0),
(51, '齊藤京子', 2, 0),
(52, '髙橋未来虹', 2, 0),
(53, '山口陽世', 2, 0),
(54, '守屋麗奈', 1, 0),
(55, '幸阪茉里乃', 1, 0),
(56, '大沼晶保', 1, 0);

-- name: SeedMusic :exec
INSERT IGNORE INTO `music` (`id`, `name`, `normal`, `pro`, `master`, `length`, `color_type_id`, `live_id`, `pro_plus`, `music_bonus`, `setlist_id`) VALUES
(1, 'Student Dance', 8, 15, 21, 128, 2, 1, 0, 0, 1),
(2, 'AM1:27', 9, 15, 21, 127, 4, 1, 20, 0, 2),
(3, 'エキセントリック', 11, 17, 23, 197, 5, 1, 0, 0, 3),
(4, 'ガラスを割れ！', 11, 18, 24, 132, 1, 1, 21, 1, 4),
(5, '音楽室に片想い', 8, 14, 21, 116, 4, 1, 0, 1, 5),
(6, '制服と太陽', 9, 15, 21, 128, 1, 1, 0, 0, 6),
(7, '302号室', 8, 16, 22, 137, 4, 1, 0, 0, 7),
(8, '二人セゾン', 9, 15, 23, 147, 1, 1, 0, 1, 8),
(9, 'キミガイナイ', 9, 14, 23, 162, 2, 1, 0, 1, 9),
(10, '避雷針', 12, 18, 25, 270, 5, 1, 0, 0, 10),
(11, 'もう森へ帰ろうか？', 9, 15, 22, 139, 3, 1, 0, 1, 11),
(12, 'I\'m out', 8, 15, 21, 170, 1, 1, 0, 0, 12),
(13, '語るなら未来を・・・', 9, 15, 22, 120, 5, 1, 19, 0, 13),
(14, 'サイレントマジョリティー', 10, 17, 24, 148, 6, 1, 0, 1, 14),
(15, '世界には愛しかない', 8, 15, 21, 163, 2, 1, 0, 0, 15),
(16, '風に吹かれても', 9, 18, 22, 108, 2, 1, 19, 0, 16),
(17, 'アンビバレント', 11, 18, 23, 195, 3, 1, 21, 1, 17),
(18, '手を繋いで帰ろうか', 10, 16, 23, 155, 4, 1, 0, 0, 18),
(19, '危なっかしい計画', 11, 18, 24, 154, 6, 1, 21, 0, 19),
(20, 'W-KEYAKIZAKAの詩', 8, 16, 22, 230, 6, 1, 19, 0, 20),
(21, 'ひらがなで恋したい', 10, 17, 23, 122, 4, 2, 18, 1, 1),
(22, 'おいで夏の境界線', 11, 18, 23, 127, 2, 2, 0, 0, 2),
(23, '最前列へ', 8, 14, 21, 150, 2, 2, 18, 0, 3),
(24, 'こんな整列を誰がさせるのか？', 11, 17, 24, 151, 5, 2, 21, 0, 4),
(25, '未熟な怒り', 10, 16, 22, 104, 2, 2, 0, 0, 5),
(26, '線香花火が消えるまで', 9, 16, 23, 192, 3, 2, 0, 0, 6),
(27, '夏色のミュール', 9, 16, 22, 151, 3, 2, 0, 0, 7),
(28, 'ノックをするな！', 11, 18, 24, 120, 1, 2, 21, 0, 8),
(29, 'ハロウィンのカボチャが割れた', 9, 16, 23, 131, 1, 2, 0, 0, 9),
(30, '猫の名前', 11, 16, 23, 165, 5, 2, 0, 0, 10),
(31, '期待していない自分', 10, 16, 23, 160, 6, 2, 0, 1, 11),
(32, '永遠の白線', 10, 17, 23, 137, 3, 2, 0, 0, 12),
(33, '半分の記憶', 9, 15, 22, 132, 5, 2, 0, 1, 13),
(34, '誰よりも高く跳べ！', 12, 16, 23, 149, 1, 2, 0, 1, 14),
(35, 'NO WAR in the future', 9, 16, 22, 141, 6, 2, 0, 0, 15),
(36, '車輪が軋むように君が泣く', 9, 15, 22, 129, 4, 2, 0, 0, 16),
(37, 'ひらがなけやき', 9, 15, 21, 169, 3, 2, 0, 1, 17),
(38, '僕たちは付き合っている', 12, 17, 23, 146, 4, 2, 0, 0, 18),
(39, '約束の卵', 9, 15, 22, 178, 6, 2, 0, 0, 19),
(40, 'NO WAR in the future', 11, 17, 24, 148, 5, 2, 20, 0, 20),
(41, 'サイレントマジョリティー', 9, 15, 21, 148, 5, 3, 0, 1, 1),
(42, 'キミガイナイ', 8, 14, 20, 159, 1, 3, 0, 1, 2),
(43, '山手線', 9, 15, 23, 210, 3, 3, 0, 0, 3),
(44, '渋谷川', 8, 14, 20, 173, 4, 3, 0, 0, 4),
(45, '乗り遅れたバス', 9, 15, 21, 215, 2, 3, 0, 0, 5),
(46, '手を繋いで帰ろうか', 8, 16, 23, 140, 3, 3, 0, 0, 6),
(47, 'ハッピーオーラ', 11, 17, 23, 152, 1, 4, 20, 1, 1),
(48, 'キュン', 11, 17, 23, 198, 2, 4, 20, 1, 2),
(49, 'ときめき草', 11, 15, 22, 175, 4, 4, 0, 0, 3),
(50, '耳に落ちる涙', 10, 14, 21, 140, 3, 4, 0, 0, 4),
(51, '沈黙が愛なら', 10, 16, 23, 128, 5, 4, 0, 0, 5),
(52, '君に話しておきたいこと', 8, 14, 21, 181, 5, 4, 0, 1, 6),
(53, '抱きしめてやる', 11, 17, 24, 123, 4, 4, 0, 0, 7),
(54, 'JOYFUL LOVE', 11, 15, 22, 143, 6, 4, 0, 1, 8),
(55, '日向坂', 0, 0, 0, 0, 6, 4, 0, 0, 9),
(56, 'サイレントマジョリティー', 10, 17, 23, 140, 3, 5, 0, 1, 1),
(57, '世界には愛しかない', 12, 16, 22, 153, 4, 5, 0, 0, 2),
(58, '二人セゾン', 11, 16, 22, 155, 2, 5, 0, 1, 3),
(59, '僕たちの戦争', 12, 17, 23, 104, 6, 5, 0, 0, 4),
(60, 'Nobody', 9, 15, 21, 131, 5, 5, 0, 1, 5),
(61, '手を繋いで帰ろうか', 8, 14, 22, 149, 5, 5, 0, 0, 6),
(62, '誰のことを一番愛してる？', 12, 18, 23, 128, 1, 5, 0, 0, 7),
(63, '東京タワーはどこから見える？', 12, 17, 24, 113, 2, 5, 0, 1, 8),
(64, '危なっかしい計画', 10, 17, 22, 154, 1, 5, 0, 0, 9),
(65, '世界には愛しかない', 0, 0, 23, 148, 5, 6, 0, 0, 1),
(66, '手を繋いで帰ろうか', 0, 0, 22, 133, 6, 6, 0, 0, 2),
(67, '青空が違う', 0, 0, 22, 148, 3, 6, 0, 0, 3),
(68, '太陽は見上げる人を選ばない', 0, 0, 23, 122, 4, 6, 0, 0, 4),
(69, 'アンビバレント', 0, 0, 23, 181, 2, 6, 0, 0, 5),
(70, 'ドレミソラシド', 0, 0, 23, 177, 6, 7, 0, 0, 1),
(71, 'ひらがなで恋したい', 0, 0, 23, 115, 1, 7, 0, 0, 2),
(72, '期待していない自分', 0, 0, 24, 0, 4, 7, 0, 0, 3),
(73, 'My god', 0, 0, 21, 0, 3, 7, 0, 0, 4),
(74, 'やさしさが邪魔をする', 0, 0, 20, 0, 1, 7, 0, 0, 5),
(75, 'Cage', 0, 0, 22, 0, 4, 7, 0, 0, 6),
(76, 'Dash&Rush', 0, 0, 24, 0, 3, 7, 0, 0, 7),
(77, '君に話しておきたいこと', 0, 0, 21, 0, 4, 7, 0, 0, 8),
(78, 'こんなに好きになっちゃっていいの?', 0, 0, 23, 0, 5, 7, 0, 0, 9),
(79, 'キツネ', 0, 0, 23, 0, 5, 7, 0, 0, 10),
(80, 'NO WAR in the future', 0, 0, 21, 0, 1, 7, 0, 0, 11),
(81, 'JOYFUL LOVE', 0, 0, 22, 0, 2, 7, 0, 0, 12),
(82, '約束の卵', 0, 0, 22, 0, 2, 7, 0, 0, 13),
(83, '語るなら未来を・・・', 0, 0, 22, 0, 4, 8, 0, 0, 1),
(84, 'バレエと少年', 0, 0, 20, 0, 5, 8, 0, 0, 2),
(85, '制服と太陽', 0, 0, 23, 0, 3, 8, 0, 0, 3),
(86, '結局、じゃあねしか言えない', 0, 0, 22, 0, 2, 8, 0, 0, 4),
(87, '避雷針', 0, 0, 22, 0, 6, 8, 0, 0, 5),
(88, '不協和音', 0, 0, 24, 0, 1, 8, 0, 0, 6),
(89, 'カレイドスコープ', 0, 0, 21, 0, 5, 9, 0, 0, 1),
(90, 'コンセントレーション', 0, 0, 22, 0, 4, 9, 0, 0, 2),
(91, 'Deadline', 0, 0, 22, 0, 3, 9, 0, 0, 3),
(92, '10月のプールに飛び込んだ', 0, 0, 23, 0, 2, 9, 0, 0, 4),
(93, '砂塵', 0, 0, 20, 0, 1, 9, 0, 0, 5),
(94, 'Nobod\'s fault', 0, 0, 21, 0, 6, 9, 0, 0, 6),
(95, 'まさか 偶然...', 0, 0, 21, 0, 1, 10, 0, 0, 1),
(96, 'ホントの時間', 0, 0, 22, 0, 4, 10, 0, 0, 2),
(97, 'Dash&Rush', 0, 0, 23, 0, 6, 10, 0, 0, 3),
(98, '誰よりも高く跳べ！', 0, 0, 23, 0, 2, 10, 0, 0, 4),
(99, '約束の卵', 0, 0, 20, 0, 5, 10, 0, 0, 5),
(100, '大人は信じてくれない', 0, 0, 21, 0, 5, 11, 0, 0, 1),
(101, 'もう森へ帰ろうか？', 0, 0, 23, 0, 2, 11, 0, 0, 2),
(102, '君をもう探さない', 0, 0, 21, 0, 1, 11, 0, 0, 3),
(103, 'アンビバレント', 0, 0, 24, 0, 4, 11, 0, 0, 4),
(104, '黒い羊', 0, 0, 23, 0, 3, 11, 0, 0, 5),
(105, '誰がその鐘を鳴らすのか？', 0, 0, 22, 0, 6, 12, 0, 0, 1),
(106, 'ナゼー', 0, 0, 22, 0, 3, 13, 0, 0, 1),
(107, '青春の馬', 0, 0, 23, 0, 2, 13, 0, 0, 2),
(108, '君のため何ができるだろう', 0, 0, 23, 0, 5, 13, 0, 0, 3),
(109, '好きということは...', 0, 0, 24, 0, 1, 13, 0, 0, 4),
(110, '窓を開けなくても', 0, 0, 21, 0, 2, 13, 0, 0, 5),
(111, 'ソンナコトナイヨ', 0, 0, 23, 0, 4, 13, 0, 0, 6),
(112, 'Nobody\'s fault', 0, 0, 22, 0, 2, 14, 0, 0, 1),
(113, 'ブルームーンキス', 0, 0, 21, 0, 2, 14, 0, 0, 2),
(114, '最終の地下鉄に乗って', 0, 0, 22, 0, 3, 14, 0, 0, 3),
(115, 'Plastic regret', 0, 0, 23, 0, 1, 14, 0, 0, 4),
(116, 'なぜ恋をして来なかったんだろう？', 0, 0, 23, 0, 5, 14, 0, 0, 5),
(117, '半信半疑', 0, 0, 23, 0, 4, 14, 0, 0, 6),
(118, 'Buddies', 0, 0, 22, 0, 6, 14, 0, 0, 7),
(119, '櫻坂の詩', 0, 0, 22, 0, 6, 14, 0, 0, 8),
(120, 'アザトカワイイ', 0, 0, 23, 0, 6, 15, 0, 0, 1),
(121, '僕たちは付き合っている', 0, 0, 21, 0, 1, 15, 0, 0, 2),
(122, 'キツネ', 0, 0, 21, 0, 3, 15, 0, 0, 3),
(123, 'My fans', 0, 0, 24, 0, 2, 15, 0, 0, 4),
(124, '期待していない自分', 0, 0, 21, 0, 5, 15, 0, 0, 5),
(125, '青春の馬', 0, 0, 22, 0, 4, 15, 0, 0, 6),
(126, 'ドレミソラシド', 0, 0, 22, 0, 5, 16, 0, 0, 1),
(127, 'ただがむしゃらに', 0, 0, 22, 0, 4, 16, 0, 0, 2),
(128, 'まさか 偶然...', 0, 0, 21, 0, 2, 16, 0, 0, 3),
(129, '川は流れる', 0, 0, 21, 0, 2, 16, 0, 0, 4),
(130, 'この夏をジャムにしよう', 0, 0, 24, 0, 4, 16, 0, 0, 5),
(131, '約束の卵 2020', 0, 0, 22, 0, 3, 16, 0, 0, 6),
(132, 'Microscope', 0, 0, 22, 0, 3, 17, 0, 0, 1),
(133, '君と僕と洗濯物', 0, 0, 21, 0, 2, 17, 0, 0, 2),
(134, 'ブルームーンキス', 0, 0, 23, 0, 4, 17, 0, 0, 3),
(135, 'それが愛なのね', 0, 0, 23, 0, 6, 17, 0, 0, 4),
(136, 'なぜ恋をして来なかったんだろう？', 0, 0, 22, 0, 1, 17, 0, 0, 5),
(137, 'キュン', 0, 0, 22, 0, 5, 18, 0, 1, 1),
(138, 'ときめき草', 0, 0, 22, 0, 2, 18, 0, 0, 2),
(139, 'こんなに好きになっちゃっていいの?', 0, 0, 21, 0, 3, 18, 0, 1, 3),
(140, '君しか勝たん', 0, 0, 22, 0, 4, 18, 0, 1, 4),
(141, 'ソンナコトナイヨ', 0, 0, 23, 0, 1, 18, 0, 1, 5),
(142, 'Plastic regret', 0, 0, 21, 0, 4, 19, 0, 0, 1),
(143, '半信半疑', 0, 0, 21, 0, 1, 19, 0, 0, 2),
(144, '最終の地下鉄に乗って', 0, 0, 22, 0, 5, 19, 0, 0, 3),
(145, 'Buddies', 0, 0, 22, 0, 3, 19, 0, 1, 4),
(146, 'BAN', 0, 0, 23, 0, 2, 19, 0, 1, 5);

-- name: SeedPhotograph :exec
INSERT IGNORE INTO `photograph` (`id`, `name`, `group_id`, `abbreviation`, `type`) VALUES
(1, 'サイレントマジョリティー', 1, '', '楽曲'),
(2, 'ガラスを割れ！', 1, '', '楽曲'),
(3, '二人セゾン', 1, '', '楽曲'),
(4, 'Nobody', 1, '', '楽曲'),
(5, 'アンビバレント', 1, '', '楽曲'),
(6, '風に吹かれても', 1, '', '楽曲'),
(7, '世界には愛しかない', 1, '', '楽曲'),
(8, '誰がその鐘を鳴らすのか？', 1, '', '楽曲'),
(9, 'Nobody’s fault', 1, '', '楽曲'),
(10, 'なぜ　恋をして来なかったんだろう？', 1, '', '楽曲'),
(11, 'Buddies', 1, '', '楽曲'),
(12, 'BAN', 1, '', '楽曲'),
(13, 'Precious', 1, '', '限定'),
(14, 'FL 全ツ\'18', 1, '', '限定'),
(15, 'エレガンス・ルージュ\'19', 1, '', '限定'),
(16, 'FL 3rdYAL', 1, '', '限定'),
(17, 'NEW YEAR\'20', 1, '', '限定'),
(18, 'ラグジュアリー・ホリディ', 1, '', '限定'),
(19, 'ブライトフラワーガーデン', 1, '', '限定'),
(20, 'FL 欅共和国2019', 1, '', '限定'),
(21, 'ナチュラル・スウィフト', 1, '', '限定'),
(22, 'UNI\'S ON AIR 1st ANNIVERSARY', 1, '', '限定'),
(23, 'FL 東京ドーム2019', 1, '', '限定'),
(24, '次の自分へ、進むあなたに。', 1, '', '限定'),
(25, '聖夜の街角で', 1, '', '限定'),
(26, 'NEW YEAR\'21', 1, '', '限定'),
(27, '春が舞い込む街角', 1, '', '限定'),
(28, 'Live Online\'20 at 1.5anniv.', 1, '', '限定'),
(29, 'その日を境に、世界が変わった。', 1, '', '限定'),
(30, 'これが、私たちの現在形。', 1, '', '限定'),
(31, '雨音が包むおうち時間', 1, '', '限定'),
(32, '想い響く夏祭り', 1, '', '限定'),
(33, 'FL DCDL', 1, '', '限定'),
(34, '静寂に包まれた洋書室にて', 1, '', '限定'),
(35, 'UNI\'S ON AIR 2nd ANNIVERSARY', 1, '', '限定'),
(36, 'クリスマスベルの音色が彩る夜に', 1, '', '限定'),
(37, 'NEW YEAR\'22', 1, '', '限定'),
(38, 'FL BACKS LIVE!!', 1, '', '限定'),
(39, '春風が誘う森を抜けて', 1, '', '限定'),
(40, 'Tour\'21 at 2.5th Anniv.', 1, '', '限定'),
(41, 'キュン', 2, '', '楽曲'),
(42, 'JOYFUL LOVE', 2, '', '楽曲'),
(43, '期待していない自分', 2, '', '楽曲'),
(44, '君に話しておきたいこと', 2, '', '楽曲'),
(45, 'ハッピーオーラ', 2, '', '楽曲'),
(46, 'キツネ', 2, '', '楽曲'),
(47, 'ドレミソラシド', 2, '', '楽曲'),
(48, 'こんなに好きになっちゃっていいの？', 2, '', '楽曲'),
(49, 'ソンナコトナイヨ', 2, '', '楽曲'),
(50, '青春の馬', 2, '', '楽曲'),
(51, 'アザトカワイイ', 2, '', '楽曲'),
(52, '君しか勝たん', 2, '', '楽曲'),
(53, 'Precious', 2, '', '限定'),
(54, 'セルリアン・フラワーズ\'19', 2, '', '限定'),
(55, 'FL DCL', 2, '', '限定'),
(56, 'NEW YEAR\'20', 2, '', '限定'),
(57, 'ホワイト・ドリーミング', 2, '', '限定'),
(58, 'アーリーサマーシャイン', 2, '', '限定'),
(59, 'FL 3rdワンマンライブ', 2, '', '限定'),
(60, 'ブリック・ストリート', 2, '', '限定'),
(61, 'UNI\'S ON AIR 1st ANNIVERSARY', 2, '', '限定'),
(62, '黄昏雪色のクリスマスを', 2, '', '限定'),
(63, 'FL ひなくり2019', 2, '', '限定'),
(64, 'NEW YEAR\'21', 2, '', '限定'),
(65, '花薫る早春の昼下がり', 2, '', '限定'),
(66, 'Live Online\'20 at 1.5anniv.', 2, '', '限定'),
(67, 'その日を境に、世界が変わった。', 2, '', '限定'),
(68, '雨上がりの朝日の先に', 2, '', '限定'),
(69, '想い響く夏祭り', 2, '', '限定'),
(70, '夕日差し込む静寂の時間', 2, '', '限定'),
(71, 'UNI\'S ON AIR 2nd ANNIVERSARY', 2, '', '限定'),
(72, 'FL ひな誕祭', 2, '', '限定'),
(73, '星々の瞬きが祝福する夜に', 2, '', '限定'),
(74, 'FL ひなくり2020', 2, '', '限定'),
(75, 'NEW YEAR\'22', 2, '', '限定'),
(76, '夢運ぶ春のひととき', 2, '', '限定'),
(77, 'Tour\'21 at 2.5th Anniv.', 2, '', '限定');

-- name: SeedScenes :exec
INSERT IGNORE INTO `scenes` (`id`, `color_type_id`, `dance_max`, `member_id`, `peformance_max`, `photograph_id`, `vocal_max`, `center_skill_name`, `expected_value`, `ssr_plus`) VALUES
(1, 1, 2920, 42, 4565, 45, 5059, '', '3.68', 1),
(2, 1, 3811, 42, 4872, 41, 3789, '', '2.75', 1),
(3, 1, 4578, 10, 3845, 3, 4006, '', '3.68', 1),
(4, 1, 2020, 46, 4484, 22, 4218, 'VoPe50%', '3.68', 0),
(5, 1, 1743, 45, 4526, 37, 4552, 'VoPe50%', '3.68', 0),
(6, 1, 4256, 34, 3987, 45, 4259, 'ALL35%', '2.46', 1),
(7, 1, 3858, 49, 4928, 42, 3558, '', '2.52', 1),
(8, 1, 3806, 9, 4966, 2, 3580, '', '3.05', 1),
(9, 1, 4836, 30, 3779, 1, 3783, '', '3.68', 1),
(10, 1, 4900, 43, 3916, 43, 3463, '', '2.32', 1),
(11, 1, 3759, 43, 4670, 46, 4010, '', '1.96', 1),
(12, 1, 4741, 4, 3882, 5, 3787, '', '2.75', 1),
(13, 1, 4470, 28, 4826, 4, 3124, '', '2.46', 1),
(14, 1, 2403, 23, 2251, 36, 6011, '', '3.49', 0),
(15, 1, 3760, 14, 4753, 1, 3705, '', '2.12', 1),
(16, 1, 2458, 24, 2213, 25, 6000, '', '3.68', 0),
(17, 1, 2170, 42, 3815, 45, 4309, '', '3.68', 0),
(18, 1, 2286, 40, 6085, 51, 2273, '', '3.68', 0),
(19, 1, 3837, 34, 4750, 43, 3666, '', '1.73', 1),
(20, 1, 4017, 18, 4619, 6, 3870, '', '2.52', 1),
(21, 1, 3037, 38, 4457, 65, 3174, '', '3.68', 0),
(22, 1, 2408, 36, 2338, 76, 6036, '', '3.49', 0),
(23, 1, 3157, 46, 3160, 40, 4527, '', '2.32', 0),
(24, 1, 3900, 38, 3935, 46, 4625, '', '1.63', 1),
(25, 1, 2314, 23, 2341, 13, 6139, 'ALL35%', '2.50', 0),
(26, 1, 2255, 6, 5902, 52, 2233, '', '3.40', 0),
(27, 1, 3920, 22, 3768, 3, 4698, '', '2.34', 1),
(28, 1, 4289, 51, 4426, 26, 1939, 'DaPe50%', '3.68', 0),
(29, 1, 3138, 17, 4217, 8, 3029, '', '3.68', 0),
(30, 1, 3581, 46, 3624, 13, 3581, 'ALL40%', '2.32', 0),
(31, 1, 4145, 11, 3988, 2, 4272, 'ALL35%', '2.46', 1),
(32, 1, 3108, 9, 4351, 7, 2829, '', '3.68', 0),
(33, 1, 4826, 39, 4044, 42, 3453, '', '2.52', 1),
(34, 1, 3460, 37, 5154, 44, 3438, '', '2.12', 1),
(35, 1, 3747, 15, 3824, 3, 4720, '', '2.52', 1),
(36, 1, 3215, 43, 4232, 59, 3138, '', '2.52', 0),
(37, 1, 6037, 14, 2285, 34, 2344, '', '3.68', 0),
(38, 1, 5908, 37, 2250, 50, 2229, '', '3.40', 0),
(39, 1, 2362, 27, 5973, 34, 2324, '', '2.32', 0),
(40, 1, 3828, 10, 3095, 3, 3256, '', '3.68', 0),
(41, 1, 3641, 34, 3503, 35, 3612, 'ALL35%', '2.52', 0),
(42, 1, 3139, 14, 4435, 37, 3130, '', '2.52', 0),
(43, 1, 4453, 46, 4457, 59, 1647, '', '2.46', 0),
(44, 1, 3845, 27, 4058, 6, 4526, '', '0.57', 1),
(45, 1, 3727, 12, 2901, 15, 3663, '', '3.68', 0),
(46, 1, 2191, 48, 4252, 57, 4155, 'VoPe50%', '2.52', 0),
(47, 1, 3462, 47, 3670, 13, 3570, '', '2.32', 0),
(48, 1, 2315, 3, 4187, 21, 4149, 'VoPe50%', '2.46', 0),
(49, 1, 3599, 24, 3555, 35, 3605, 'ALL35%', '2.52', 0),
(50, 1, 4566, 39, 4448, 35, 1742, 'DaPe50%', '3.68', 0),
(51, 1, 4752, 24, 3899, 6, 3791, '', '0.55', 1),
(52, 1, 3479, 13, 3688, 27, 3489, 'ALL35%', '3.68', 0),
(53, 1, 4617, 42, 3066, 22, 2863, '', '2.32', 0),
(54, 1, 2390, 2, 2275, 31, 5995, '', '3.68', 0),
(55, 1, 6044, 16, 2272, 22, 2405, '', '3.40', 0),
(56, 1, 6069, 25, 2327, 39, 2379, '', '3.40', 0),
(57, 1, 3987, 47, 3693, 46, 4751, '', '0.26', 1),
(58, 1, 3132, 42, 4383, 73, 3088, '', '1.63', 0),
(59, 1, 4334, 27, 4260, 36, 2009, 'DaPe50%', '2.46', 0),
(60, 1, 4455, 43, 3030, 70, 3089, '', '2.32', 0),
(61, 1, 3108, 49, 4178, 42, 2808, '', '2.52', 0),
(62, 1, 3004, 35, 4323, 49, 2987, '', '3.68', 0),
(63, 1, 2026, 26, 4274, 19, 4259, '', '2.52', 0),
(64, 1, 1979, 36, 3894, 57, 4577, '', '2.46', 0),
(65, 1, 4797, 47, 3919, 43, 3578, '', '0.40', 1),
(66, 1, 3359, 36, 3359, 13, 4075, '全色Pe90%', '2.46', 0),
(67, 1, 3002, 45, 3323, 63, 4255, '', '1.73', 0),
(68, 1, 3502, 28, 3611, 38, 3481, 'ALL35%', '2.46', 0),
(69, 1, 2232, 22, 6249, 13, 2312, '全色Pe90%', '2.46', 0),
(70, 1, 3810, 7, 3817, 1, 4799, '', '0.78', 1),
(71, 1, 4461, 4, 3842, 2, 3877, '', '0.68', 1),
(72, 1, 1713, 53, 4601, 40, 4556, 'VoPe50%', '3.68', 0),
(73, 1, 3506, 34, 3237, 45, 3509, 'ALL35%', '2.46', 0),
(74, 1, 3104, 45, 4217, 58, 3160, '', '1.73', 0),
(75, 1, 2229, 31, 5895, 11, 2268, '', '2.52', 0),
(76, 1, 2249, 20, 5909, 10, 2237, '', '3.40', 0),
(77, 1, 3207, 41, 4093, 17, 3156, '', '2.32', 0),
(78, 1, 4086, 30, 3029, 1, 3033, '', '3.68', 0),
(79, 1, 4370, 42, 3077, 74, 3046, '', '1.73', 0),
(80, 1, 3068, 47, 4376, 28, 3074, '', '1.73', 0),
(81, 1, 4234, 38, 4224, 41, 3630, '', '0.67', 1),
(82, 1, 3452, 41, 3436, 48, 3412, 'ALL35%', '2.52', 0),
(83, 1, 4346, 51, 3112, 63, 3029, '', '2.46', 0),
(84, 1, 4492, 25, 3080, 25, 2985, '', '2.52', 0),
(85, 1, 4150, 43, 3166, 43, 2713, '', '2.32', 0),
(86, 1, 6013, 1, 2326, 32, 2324, '', '3.68', 0),
(87, 1, 4008, 23, 2552, 23, 3993, 'VoDa50%', '1.73', 0),
(88, 1, 3017, 33, 4582, 62, 2968, '', '2.46', 0),
(89, 1, 3554, 37, 3594, 13, 3560, '全色ALL40%', '2.32', 0),
(90, 1, 3486, 8, 2992, 21, 4079, '', '1.63', 0),
(91, 1, 2994, 7, 3310, 19, 4259, 'ALL35%', '2.32', 0),
(92, 1, 3779, 17, 3788, 3, 4733, '', '0.26', 1),
(93, 1, 3171, 1, 4401, 39, 3147, '', '2.52', 0),
(94, 1, 3698, 1, 3822, 1, 4771, '', '0.78', 1),
(95, 1, 3305, 26, 3859, 30, 3264, '', '2.52', 0),
(96, 1, 3720, 28, 4076, 4, 2374, '', '2.46', 0),
(97, 1, 3068, 4, 3185, 26, 4327, '', '1.63', 0),
(98, 1, 4513, 36, 1685, 68, 4455, 'VoDa50%', '2.46', 0),
(99, 1, 3625, 31, 4958, 3, 3672, '', '0.52', 1),
(100, 1, 3556, 1, 3774, 22, 3380, 'ALL35%', '2.52', 0),
(101, 1, 3116, 50, 4333, 32, 3110, '', '2.46', 0),
(102, 1, 3486, 26, 3566, 33, 3503, '', '2.32', 0),
(103, 1, 3056, 9, 4216, 2, 2830, '', '2.32', 0),
(104, 1, 3591, 38, 3536, 76, 3568, 'ALL35%', '1.73', 0),
(105, 1, 3112, 16, 4384, 28, 3075, '', '1.63', 0),
(106, 1, 3246, 6, 4258, 62, 3064, '', '1.63', 0),
(107, 1, 5016, 26, 3790, 3, 3508, '', '0.69', 1),
(108, 1, 4248, 16, 2996, 15, 3038, '', '2.32', 0),
(109, 1, 3002, 24, 3018, 11, 4308, '', '1.73', 0),
(110, 1, 3903, 18, 4477, 2, 3817, 'ALL35%', '0.30', 1),
(111, 1, 2994, 50, 3284, 65, 4275, '', '2.32', 0),
(112, 1, 4455, 37, 3877, 42, 3849, '', '0.57', 1),
(113, 1, 3720, 14, 2900, 15, 3670, '', '1.73', 0),
(114, 1, 3018, 39, 4312, 52, 3005, '', '2.46', 0),
(115, 1, 3519, 35, 3525, 28, 3516, 'ALL35%', '2.32', 0),
(116, 1, 5878, 10, 2267, 12, 2252, 'Da85％', '2.52', 0),
(117, 1, 3267, 18, 3869, 6, 3120, '', '2.52', 0),
(118, 1, 4338, 25, 1942, 32, 4318, '', '1.73', 0),
(119, 1, 3990, 12, 2598, 22, 4006, 'VoDa50%', '1.73', 0),
(120, 1, 2275, 40, 3845, 47, 4162, 'VoPe50%', '1.73', 0),
(121, 1, 4130, 40, 2939, 55, 2973, '', '2.32', 0),
(122, 1, 4364, 51, 2930, 58, 3251, '', '1.63', 0),
(123, 1, 4320, 9, 3121, 27, 3123, '', '1.63', 0),
(124, 1, 3574, 54, 3618, 13, 3595, '全色ALL40%', '2.52', 0),
(125, 1, 4325, 6, 3135, 72, 3009, '', '1.63', 0),
(126, 1, 3087, 52, 4392, 26, 3116, '', '2.52', 0),
(127, 1, 3568, 19, 3650, 13, 3565, 'ALL40%', '2.32', 0),
(128, 1, 3609, 44, 3480, 73, 3585, 'ALL35%', '2.52', 0),
(129, 1, 3468, 21, 3637, 16, 3435, '', '2.52', 0),
(130, 1, 3160, 35, 2928, 17, 4413, '', '1.73', 0),
(131, 1, 3049, 1, 4414, 27, 3089, '', '1.73', 0),
(132, 1, 3395, 11, 3238, 2, 3522, 'ALL35%', '2.46', 0),
(133, 1, 4076, 39, 3294, 42, 2703, '', '2.52', 0),
(134, 1, 2997, 15, 3074, 3, 3970, '', '2.52', 0),
(135, 1, 3585, 55, 3468, 36, 3544, 'ALL35%', '2.32', 0),
(136, 1, 4381, 20, 3064, 28, 3108, '2.25倍', '2.52', 0),
(137, 1, 4041, 50, 3218, 60, 3288, '', '1.63', 0),
(138, 1, 2358, 44, 2293, 68, 5912, 'Vo85%', '1.63', 0),
(139, 1, 4173, 56, 4214, 9, 1920, 'DaPe50%', '2.46', 0),
(140, 1, 2951, 19, 4287, 7, 3025, '', '1.73', 0),
(141, 1, 3005, 54, 4283, 8, 3016, '', '1.63', 0),
(142, 1, 3087, 42, 4169, 54, 3036, 'ALL35%', '1.63', 0),
(143, 1, 3876, 53, 3199, 48, 3184, '', '1.63', 0),
(144, 1, 3150, 38, 3185, 46, 3875, '', '1.63', 0),
(145, 1, 3143, 17, 2801, 17, 4234, '', '1.63', 0),
(146, 1, 3087, 34, 4000, 43, 2916, '', '1.73', 0),
(147, 1, 2994, 27, 4043, 14, 2953, 'ALL35%', '1.73', 0),
(148, 1, 3010, 14, 4003, 1, 2955, '', '1.63', 0),
(149, 1, 2710, 37, 4404, 44, 2688, '', '1.63', 0),
(150, 2, 3883, 14, 3842, 6, 4776, '', '3.68', 1),
(151, 2, 4857, 4, 2958, 6, 4698, 'VoDa50%', '3.14', 1),
(152, 2, 4618, 46, 3728, 42, 3979, '', '2.45', 1),
(153, 2, 4775, 43, 3905, 45, 3775, '', '2.45', 1),
(154, 2, 3952, 51, 4503, 45, 4009, '', '3.05', 1),
(155, 2, 4697, 3, 3951, 6, 3821, '', '2.75', 1),
(156, 2, 5979, 42, 2312, 28, 2350, 'Da85%', '3.4', 0),
(157, 2, 4735, 34, 3729, 41, 3666, '', '2.46', 1),
(158, 2, 3801, 8, 3942, 2, 4611, '', '2.12', 1),
(159, 2, 3635, 49, 5106, 43, 3566, '', '2.22', 1),
(160, 2, 4245, 49, 3804, 41, 4289, '', '1.73', 1),
(161, 2, 3968, 48, 4300, 43, 4055, 'All35%', '1.63', 1),
(162, 2, 3860, 45, 3999, 46, 4516, '', '0.52', 1),
(163, 2, 2389, 40, 6132, 40, 2356, 'Pe85%', '3.49', 0),
(164, 2, 4264, 49, 2919, 47, 3086, '', '2.52', 0),
(165, 2, 4107, 4, 2208, 6, 3948, 'VoDa50%', '2.46', 0),
(166, 2, 3714, 16, 3496, 3, 5006, '', '0.57', 1),
(167, 2, 3821, 17, 4890, 1, 3780, '', '0.68', 1),
(168, 2, 3501, 22, 5146, 2, 3649, '', '1.73', 1),
(169, 2, 3884, 40, 4676, 42, 3763, '', '0.67', 1),
(170, 2, 3985, 34, 2979, 41, 2916, '', '2.46', 0),
(171, 2, 4823, 18, 3795, 1, 3748, '', '0.67', 1),
(172, 2, 3202, 51, 3753, 45, 3259, '', '2.32', 0),
(173, 2, 3713, 30, 3922, 2, 4637, '', '0.67', 1),
(174, 2, 3495, 49, 3054, 41, 3539, '', '1.73', 0),
(175, 2, 3133, 14, 3092, 6, 4026, '', '1.63', 0),
(176, 2, 3745, 32, 4049, 43, 4559, '', '0.3', 1),
(177, 2, 3051, 8, 3192, 2, 3861, '', '1.63', 0),
(178, 2, 2885, 49, 4356, 43, 2816, '', '1.73', 0),
(179, 2, 3218, 48, 3550, 43, 3305, 'All35%', '1.63', 0),
(180, 2, 4195, 15, 3738, 1, 4162, 'All35%', '0.3', 1),
(181, 2, 2751, 22, 4396, 2, 2899, '', '1.73', 0),
(182, 2, 4943, 25, 3627, 2, 3819, '', '3.68', 1),
(183, 2, 4294, 22, 5424, 5, 2828, '', '3.68', 1),
(184, 2, 6039, 23, 2294, 31, 2326, '', '3.4', 0),
(185, 2, 3713, 24, 3825, 1, 4736, '', '2.32', 1),
(186, 2, 6038, 16, 2334, 12, 2277, '', '3.68', 0),
(187, 2, 6103, 17, 2299, 35, 2355, '', '3.4', 0),
(188, 2, 5864, 24, 2251, 9, 2270, '', '3.68', 0),
(189, 2, 2380, 38, 2286, 73, 6007, '', '3.49', 0),
(190, 2, 3648, 4, 3578, 37, 3591, 'All35%', '3.49', 0),
(191, 2, 4137, 6, 3092, 60, 3311, '', '3.68', 0),
(192, 2, 1764, 8, 4542, 22, 4383, 'VoPe50%', '3.68', 0),
(193, 2, 4205, 35, 4266, 44, 3959, 'All35%', '2.46', 1),
(194, 2, 4581, 41, 4956, 46, 2865, 'DaPe50%', '2.04', 1),
(195, 2, 4392, 26, 5215, 4, 2780, '', '2.52', 1),
(196, 2, 3744, 7, 5078, 2, 3524, '', '2.52', 1),
(197, 2, 3065, 28, 3100, 25, 4500, '', '3.4', 0),
(198, 2, 4480, 42, 2685, 17, 3283, '', '2.52', 0),
(199, 2, 2378, 45, 2290, 70, 5990, '', '2.46', 0),
(200, 2, 4625, 14, 3984, 5, 3791, '', '1.09', 1),
(201, 2, 4379, 46, 3183, 59, 2890, '', '2.46', 0),
(202, 2, 6089, 33, 2288, 37, 2356, 'Da85%', '3.4', 0),
(203, 2, 4193, 25, 2877, 2, 3069, '', '3.68', 0),
(204, 2, 2357, 43, 5972, 32, 2331, '', '3.4', 0),
(205, 2, 5900, 36, 2239, 51, 2255, '', '3.4', 0),
(206, 2, 4411, 16, 1761, 33, 4408, 'VoDa50%', '2.52', 0),
(207, 2, 2407, 16, 2252, 36, 6019, '', '2.52', 0),
(208, 2, 3134, 43, 3093, 62, 4318, '', '2.32', 0),
(209, 2, 4030, 8, 4279, 3, 4086, 'All35%', '0.78', 1),
(210, 2, 3159, 45, 3028, 68, 4403, '', '2.32', 0),
(211, 2, 2389, 47, 6047, 26, 2219, '', '3.4', 0),
(212, 2, 3524, 45, 3579, 22, 3459, 'All35%', '2.52', 0),
(213, 2, 2022, 43, 4271, 73, 4315, 'VoPe50%', '2.46', 0),
(214, 2, 3614, 47, 3505, 55, 3420, '2.25倍', '2.52', 0),
(215, 2, 3123, 23, 2762, 7, 4383, '', '2.46', 0),
(216, 2, 2272, 6, 2205, 51, 5915, '', '2.52', 0),
(217, 2, 3533, 45, 3531, 72, 3489, 'All35%', '2.32', 0),
(218, 2, 2326, 12, 2352, 28, 5940, '', '2.52', 0),
(219, 2, 4654, 37, 3047, 46, 4822, 'VoDa50%', '0.78', 1),
(220, 2, 5089, 11, 3781, 4, 3521, '', '1.63', 1),
(221, 2, 4072, 17, 3356, 13, 3353, '全色Da90％', '2.46', 0),
(222, 2, 4603, 28, 2949, 21, 3114, '', '2.52', 0),
(223, 2, 4422, 6, 3050, 68, 3094, '', '2.46', 0),
(224, 2, 5919, 41, 2207, 50, 2270, 'Da85%', '2.46', 0),
(225, 2, 4189, 48, 1917, 49, 4178, 'VoDa50%', '2.46', 0),
(226, 2, 3062, 43, 4427, 28, 3059, '', '2.32', 0),
(227, 2, 3449, 45, 4890, 57, 2323, '', '2.46', 0),
(228, 2, 4222, 12, 1898, 11, 4216, 'VoDa50%', '2.52', 0),
(229, 2, 3088, 51, 3028, 29, 4328, '', '2.52', 0),
(230, 2, 3645, 12, 3499, 35, 3613, 'All35%', '2.52', 0),
(231, 2, 4585, 43, 2932, 60, 3036, '', '1.73', 0),
(232, 2, 3574, 42, 3475, 70, 3539, 'All35%', '1.63', 0),
(233, 2, 4012, 36, 3918, 42, 4332, '', '0.95', 1),
(234, 2, 3602, 25, 3464, 13, 3638, '全色All40%', '2.32', 0),
(235, 2, 2440, 39, 2345, 13, 6005, '全色Vo90%', '2.46', 0),
(236, 2, 4382, 10, 4118, 18, 2095, 'DaPe50%', '2.52', 0),
(237, 2, 2432, 34, 5898, 13, 2463, '全色Pe90%', '2.5', 0),
(238, 2, 4421, 40, 3127, 62, 3025, '', '2.32', 0),
(239, 2, 4663, 9, 3732, 18, 2100, '', '2.52', 0),
(240, 2, 3052, 27, 4567, 21, 2924, '', '2.32', 0),
(241, 2, 2364, 14, 6047, 13, 2370, '全色Pe90%', '2.5', 0),
(242, 2, 4303, 23, 3177, 19, 3066, '', '1.63', 0),
(243, 2, 4339, 27, 3256, 26, 2996, '', '1.63', 0),
(244, 2, 3544, 22, 4674, 5, 2078, '', '3.68', 0),
(245, 2, 3064, 25, 4377, 23, 3043, '', '2.52', 0),
(246, 2, 3095, 31, 3074, 32, 4378, '', '2.46', 0),
(247, 2, 3102, 44, 3081, 47, 4111, '', '3.68', 0),
(248, 2, 3081, 47, 3007, 54, 4208, '', '1.73', 0),
(249, 2, 4297, 8, 3025, 10, 2986, '', '1.73', 0),
(250, 2, 2963, 24, 3075, 1, 3986, '', '2.32', 0),
(251, 2, 1744, 31, 4548, 13, 4492, 'VoPe55%', '2.52', 0),
(252, 2, 1799, 26, 4517, 13, 4438, '全色VoPe55%', '2.52', 0),
(253, 2, 2996, 31, 3050, 17, 4458, '', '2.32', 0),
(254, 2, 3141, 10, 3018, 34, 4427, '', '1.63', 0),
(255, 2, 4513, 41, 2907, 26, 3149, '', '1.73', 0),
(256, 2, 2265, 50, 5893, 50, 2239, '', '3.68', 0),
(257, 2, 2371, 48, 6024, 35, 2362, '', '2.52', 0),
(258, 2, 2399, 38, 6027, 13, 2358, '', '2.46', 0),
(259, 2, 3027, 38, 4203, 47, 3033, '', '2.46', 0),
(260, 2, 3021, 36, 4526, 58, 2977, '', '2.52', 0),
(261, 2, 3098, 39, 3074, 68, 4382, '', '2.32', 0),
(262, 2, 3190, 26, 4349, 25, 3020, '', '2.52', 0),
(263, 2, 3092, 41, 4167, 54, 3040, '', '2.32', 0),
(264, 2, 4260, 37, 2995, 54, 3037, 'All35%', '2.32', 0),
(265, 2, 3009, 50, 3013, 49, 4298, '', '2.52', 0),
(266, 2, 3808, 26, 4778, 1, 3691, '', '0.52', 1),
(267, 2, 4130, 31, 2394, 27, 4052, 'VoDA50%', '1.73', 0),
(268, 2, 3141, 17, 2733, 7, 4392, '', '1.73', 0),
(269, 2, 3044, 16, 2967, 24, 4365, '', '1.63', 0),
(270, 2, 3280, 13, 3257, 23, 4044, '', '2.46', 0),
(271, 2, 3156, 37, 4422, 26, 2995, '', '2.32', 0),
(272, 2, 2056, 17, 4292, 37, 4348, 'VoPe50%', '1.63', 0),
(273, 2, 4225, 12, 3341, 20, 2910, '', '1.73', 0),
(274, 2, 4317, 13, 4256, 1, 3757, '', '0.57', 1),
(275, 2, 1889, 31, 4192, 12, 4246, 'VoPe50%', '2.46', 0),
(276, 2, 3216, 48, 4128, 65, 3233, '', '1.63', 0),
(277, 2, 2370, 20, 2299, 32, 5901, '', '2.32', 0),
(278, 2, 2421, 52, 5970, 76, 2389, '', '3.4', 0),
(279, 2, 3004, 16, 4307, 17, 3151, '', '1.73', 0),
(280, 2, 4135, 1, 4151, 19, 2241, '', '2.46', 0),
(281, 2, 4491, 39, 3100, 37, 3104, '', '1.73', 0),
(282, 2, 3455, 35, 3516, 44, 3209, 'All35%', '2.46', 0),
(283, 2, 2243, 55, 2212, 9, 5872, 'Vo85%', '2.52', 0),
(284, 2, 2031, 12, 4275, 36, 4293, 'VoPe50%', '1.63', 0),
(285, 2, 3148, 2, 3118, 39, 4426, '', '2.32', 0),
(286, 2, 3642, 26, 4465, 4, 2030, '', '2.52', 0),
(287, 2, 3030, 36, 2992, 52, 4307, '', '1.63', 0),
(288, 2, 2994, 7, 4328, 2, 2774, '', '2.52', 0),
(289, 2, 4370, 54, 3121, 28, 3072, '', '2.46', 0),
(290, 2, 2195, 1, 4067, 8, 4048, 'VoPe50%', '2.46', 0),
(291, 2, 3017, 10, 4331, 9, 2970, '', '1.63', 0),
(292, 2, 2831, 18, 4564, 16, 2914, '', '2.46', 0),
(293, 2, 2991, 9, 4349, 11, 2985, '', '1.63', 0),
(294, 2, 3696, 35, 4633, 42, 3908, '', '0.16', 1),
(295, 2, 3725, 21, 2904, 15, 3676, '', '2.46', 0),
(296, 2, 3443, 39, 3690, 59, 3431, 'All35%', '1.63', 0),
(297, 2, 3146, 53, 4248, 65, 3161, '', '2.46', 0),
(298, 2, 3204, 56, 4416, 27, 2997, '', '2.46', 0),
(299, 2, 3132, 44, 4346, 32, 3077, '', '2.52', 0),
(300, 2, 3009, 54, 3005, 10, 4277, '', '2.32', 0),
(301, 2, 4244, 2, 3139, 7, 2878, '', '2.32', 0),
(302, 2, 4255, 15, 2994, 15, 3036, '', '1.73', 0),
(303, 2, 2353, 2, 6079, 13, 2353, '全色Pe90%', '2.46', 0),
(304, 2, 4339, 11, 3031, 4, 2771, '', '1.63', 0),
(305, 2, 2980, 52, 4327, 48, 2980, '', '1.63', 0),
(306, 3, 4344, 42, 3356, 44, 4715, '', '2.52', 1),
(307, 3, 3548, 46, 3768, 43, 4993, '', '2.46', 1),
(308, 3, 4648, 33, 4025, 46, 3843, '', '3.68', 1),
(309, 3, 4794, 8, 2894, 4, 4668, 'VoDa50%', '2.46', 1),
(310, 3, 3713, 41, 4709, 41, 3730, '', '3.68', 1),
(311, 3, 4918, 27, 3976, 5, 3619, '', '2.52', 1),
(312, 3, 3850, 47, 4811, 44, 3691, '', '2.75', 1),
(313, 3, 4410, 27, 4152, 2, 3739, '', '2.34', 1),
(314, 3, 4022, 24, 4324, 5, 4159, 'ALL35%', '2.46', 1),
(315, 3, 4610, 3, 1654, 37, 4560, 'VoDa50%', '3.68', 0),
(316, 3, 3890, 48, 4686, 46, 3940, '', '2.52', 1),
(317, 3, 2410, 47, 2307, 35, 6039, '', '3.4', 0),
(318, 3, 6011, 49, 2326, 73, 2347, '', '3.4', 0),
(319, 3, 3784, 40, 3733, 41, 4652, '', '2.52', 1),
(320, 3, 4396, 43, 2842, 47, 3056, '', '3.68', 0),
(321, 3, 2369, 51, 2381, 40, 6109, 'Vo85%', '3.4', 0),
(322, 3, 4684, 48, 3774, 42, 3739, '', '2.34', 1),
(323, 3, 4597, 46, 3944, 46, 3905, '', '1.09', 1),
(324, 3, 3030, 34, 3005, 48, 4352, '', '3.68', 0),
(325, 3, 6028, 9, 2329, 36, 2320, 'Da85%', '3.49', 0),
(326, 3, 3620, 37, 3531, 43, 5028, '', '2.5', 1),
(327, 3, 3910, 10, 3965, 2, 4339, '', '2.04', 1),
(328, 3, 3778, 6, 3791, 43, 4771, '', '1.73', 1),
(329, 3, 4695, 31, 3747, 1, 3664, '', '2.52', 1),
(330, 3, 2359, 12, 2340, 32, 5956, '', '3.4', 0),
(331, 3, 2301, 42, 2346, 72, 5874, 'Vo85%', '2.46', 0),
(332, 3, 5114, 23, 3624, 3, 3489, '', '1.09', 1),
(333, 3, 4530, 36, 4054, 44, 3725, '', '1.96', 1),
(334, 3, 4498, 37, 3049, 65, 3115, '', '3.68', 0),
(335, 3, 4155, 28, 4240, 2, 3950, 'ALL35%', '1.63', 1),
(336, 3, 3013, 46, 2973, 50, 4323, '', '2.52', 0),
(337, 3, 6079, 22, 2367, 39, 2336, 'Da85%', '3.49', 0),
(338, 3, 6158, 24, 2186, 13, 2446, '全色Da90%', '2.5', 0),
(339, 3, 3320, 43, 2992, 58, 4205, '', '2.46', 0),
(340, 3, 3594, 42, 2606, 44, 3965, '', '2.52', 0),
(341, 3, 4740, 1, 3857, 5, 3874, '', '1.86', 1),
(342, 3, 4042, 23, 4511, 6, 3906, '', '0.78', 1),
(343, 3, 3333, 23, 2685, 17, 4445, '', '2.52', 0),
(344, 3, 3029, 49, 3004, 26, 4523, '', '2.52', 0),
(345, 3, 4593, 36, 4533, 22, 1591, 'DaPe50%', '3.68', 0),
(346, 3, 5997, 16, 2384, 13, 2401, '', '2.46', 0),
(347, 3, 3612, 34, 3467, 68, 3583, 'ALL35%', '2.52', 0),
(348, 3, 2890, 14, 3054, 22, 4684, '', '2.46', 0),
(349, 3, 3481, 45, 3555, 28, 3544, 'ALL35%', '2.52', 0),
(350, 3, 2798, 46, 3018, 43, 4243, '', '2.46', 0),
(351, 3, 3996, 16, 4517, 6, 3879, '', '1.09', 1),
(352, 3, 2369, 42, 2302, 32, 5906, '', '1.63', 0),
(353, 3, 3580, 8, 3539, 13, 3580, '全色ALL40%', '2.32', 0),
(354, 3, 4461, 4, 2980, 27, 3165, '', '2.46', 0),
(355, 3, 3898, 33, 3275, 46, 3093, '', '3.68', 0),
(356, 3, 4500, 33, 1764, 13, 4518, 'VoDa55%', '2.52', 0),
(357, 3, 3638, 38, 2055, 54, 4756, '', '2.46', 0),
(358, 3, 4044, 8, 2144, 4, 3918, 'VoDa50%', '2.46', 0),
(359, 3, 3586, 22, 3534, 26, 3536, 'ALL35%', '3.4', 0),
(360, 3, 3804, 6, 3966, 46, 4601, '', '0.68', 1),
(361, 3, 6075, 56, 2313, 35, 2369, '', '3.49', 0),
(362, 3, 4022, 46, 3236, 28, 3305, '', '1.63', 0),
(363, 3, 4168, 27, 3226, 5, 2869, '', '2.52', 0),
(364, 3, 2460, 48, 5859, 62, 2351, '', '3.4', 0),
(365, 3, 2963, 41, 3959, 41, 2980, '', '3.68', 0),
(366, 3, 4462, 48, 3040, 32, 3088, '', '2.46', 0),
(367, 3, 3399, 49, 3480, 49, 3410, 'ALL35%', '2.46', 0),
(368, 3, 3726, 39, 3636, 54, 2939, 'ALL35%', '3.68', 0),
(369, 3, 5959, 27, 2308, 35, 2318, '', '1.73', 0),
(370, 3, 4527, 45, 3169, 40, 3148, '', '1.63', 0),
(371, 3, 2282, 51, 4174, 13, 4298, '全色VoPe55%', '2.52', 0),
(372, 3, 2226, 3, 2251, 10, 5910, 'Vo85%', '2.46', 0),
(373, 3, 3370, 27, 3510, 7, 3413, 'ALL35%', '2.46', 0),
(374, 3, 5003, 7, 1950, 18, 3652, '', '2.46', 0),
(375, 3, 3912, 25, 4056, 3, 4355, '', '0.67', 1),
(376, 3, 3789, 1, 4998, 2, 3552, '', '1.73', 1),
(377, 3, 6010, 55, 2297, 34, 2362, '', '3.4', 0),
(378, 3, 4455, 24, 3992, 2, 3828, '', '0.52', 1),
(379, 3, 3261, 11, 4106, 21, 3174, '', '3.68', 0),
(380, 3, 3228, 34, 4386, 59, 2937, '', '2.32', 0),
(381, 3, 2441, 6, 4044, 65, 4125, 'VoPe50%', '2.52', 0),
(382, 3, 4305, 51, 3005, 48, 2981, 'Da85%', '2.52', 0),
(383, 3, 3723, 51, 2907, 54, 3675, '', '2.46', 0),
(384, 3, 4790, 3, 3790, 1, 3705, '', '0.57', 1),
(385, 3, 2407, 35, 6031, 37, 2393, '', '3.68', 0),
(386, 3, 3012, 17, 2974, 9, 4314, '', '2.52', 0),
(387, 3, 2243, 19, 2239, 11, 5911, '', '3.4', 0),
(388, 3, 4037, 4, 4060, 1, 4003, '', '0.57', 1),
(389, 3, 1722, 28, 4544, 13, 4518, '全色VoPe55%', '2.5', 0),
(390, 3, 4399, 40, 4580, 13, 1773, '全色DaPe55%', '2.52', 0),
(391, 3, 3509, 16, 3539, 20, 3466, 'ALL35%', '2.32', 0),
(392, 3, 3345, 10, 3999, 23, 3242, '', '2.32', 0),
(393, 3, 4423, 14, 3069, 31, 3073, '', '1.73', 0),
(394, 3, 4128, 14, 2909, 14, 2956, '', '2.32', 0),
(395, 3, 3272, 24, 3574, 5, 3409, 'ALL35%', '2.46', 0),
(396, 3, 2995, 48, 3021, 52, 4318, 'Vo85%', '2.32', 0),
(397, 3, 3834, 22, 4685, 6, 3922, '', '1.09', 1),
(398, 3, 5111, 18, 3380, 3, 3772, '', '0.67', 1),
(399, 3, 3228, 49, 3945, 60, 3378, '', '1.73', 0),
(400, 3, 4310, 3, 3821, 19, 2331, '', '2.32', 0),
(401, 3, 3140, 48, 3936, 46, 3190, '', '2.52', 0),
(402, 3, 3008, 25, 4369, 16, 3037, '', '2.46', 0),
(403, 3, 3213, 35, 2882, 60, 4461, '', '2.46', 0),
(404, 3, 3034, 40, 2983, 41, 3902, '', '2.52', 0),
(405, 3, 3159, 11, 3076, 39, 4471, '', '2.46', 0),
(406, 3, 3571, 17, 3485, 14, 2935, 'ALL35%', '2.46', 0),
(407, 3, 6020, 53, 2370, 13, 2397, '全色Da90%', '2.5', 0),
(408, 3, 3750, 35, 4815, 41, 3780, 'ALL35%', '0.78', 1),
(409, 3, 4359, 16, 3032, 29, 3056, '', '1.63', 0),
(410, 3, 2977, 26, 2977, 16, 4339, '', '2.32', 0),
(411, 3, 6015, 44, 2405, 13, 2361, '全色Da90%', '2.46', 0),
(412, 3, 2968, 51, 3018, 50, 4288, '', '1.73', 0),
(413, 3, 3140, 50, 4407, 37, 3146, '', '2.52', 0),
(414, 3, 2989, 36, 3637, 54, 3672, '', '2.32', 0),
(415, 3, 2926, 47, 4487, 57, 3069, '', '1.63', 0),
(416, 3, 2271, 25, 5911, 26, 2459, 'Pe85%', '2.32', 0),
(417, 3, 4294, 9, 4106, 19, 2161, 'DaPe50%', '1.73', 0),
(418, 3, 4654, 1, 3860, 6, 3875, '', '0.26', 1),
(419, 3, 4394, 13, 1825, 25, 4441, 'VoDa50%', '1.73', 0),
(420, 3, 3335, 20, 3367, 13, 4086, '全色Vo90%', '2.5', 0),
(421, 3, 4476, 44, 3130, 76, 3111, '', '2.52', 0),
(422, 3, 3028, 6, 3041, 43, 4021, '', '1.73', 0),
(423, 3, 2981, 4, 3636, 15, 3665, '', '1.63', 0),
(424, 3, 2334, 2, 2397, 27, 5873, 'Vo85%', '2.32', 0),
(425, 3, 3945, 31, 2997, 1, 2914, '', '2.52', 0),
(426, 3, 3369, 40, 4339, 22, 2854, '', '1.63', 0),
(427, 3, 3083, 25, 4392, 33, 3041, '', '1.63', 0),
(428, 3, 3344, 52, 4111, 13, 3335, '全色Pe90%', '2.5', 0),
(429, 3, 3103, 6, 3928, 17, 3158, '', '1.63', 0),
(430, 3, 4251, 26, 2910, 7, 3103, '', '1.73', 0),
(431, 3, 3090, 11, 4159, 8, 3079, '', '2.46', 0),
(432, 3, 3405, 28, 3490, 2, 3200, 'ALL35%', '1.63', 0),
(433, 3, 3015, 3, 4310, 9, 3003, '', '1.63', 0),
(434, 3, 3080, 13, 4174, 15, 3028, '', '2.52', 0),
(435, 3, 3461, 53, 3481, 52, 3457, 'ALL35%', '2.52', 0),
(436, 3, 3005, 1, 2979, 12, 4339, '', '1.73', 0),
(437, 3, 3226, 1, 3337, 38, 3933, '', '1.63', 0),
(438, 3, 3039, 29, 2961, 1, 4038, '', '2.46', 0),
(439, 3, 3137, 20, 3132, 37, 4431, '', '1.73', 0),
(440, 3, 2385, 36, 5868, 35, 2333, '', '1.73', 0),
(441, 3, 3039, 1, 4248, 2, 2802, '', '1.73', 0),
(442, 3, 2233, 44, 5859, 51, 2224, 'Pe85%', '1.73', 0),
(443, 4, 5404, 46, 4252, 45, 2853, 'DaPe50%', '2.52', 1),
(444, 4, 3820, 38, 4961, 45, 3761, '', '3.68', 1),
(445, 4, 4070, 45, 4468, 45, 3893, '', '2.75', 1),
(446, 4, 5120, 51, 3792, 42, 3493, '', '3.07', 1),
(447, 4, 2381, 46, 5953, 73, 2338, '', '3.68', 0),
(448, 4, 2418, 42, 6019, 76, 2350, 'Pe85%', '3.68', 0),
(449, 4, 3571, 40, 3833, 43, 4878, '', '3.68', 1),
(450, 4, 5214, 13, 3684, 6, 3616, '', '3.68', 1),
(451, 4, 3839, 35, 4659, 46, 3993, '', '3.49', 1),
(452, 4, 6079, 34, 2258, 52, 2316, '', '3.68', 0),
(453, 4, 4296, 50, 3070, 44, 5000, '', '3.68', 1),
(454, 4, 5002, 17, 3613, 2, 3754, '', '2.46', 1),
(455, 4, 2424, 14, 5764, 26, 2473, '', '3.68', 0),
(456, 4, 6155, 10, 2305, 37, 2367, '', '3.68', 0),
(457, 4, 3701, 28, 4887, 3, 3669, '', '2.46', 1),
(458, 4, 4563, 36, 4021, 46, 3920, '', '2.46', 1),
(459, 4, 4162, 27, 3983, 19, 2192, '', '3.68', 0),
(460, 4, 3981, 25, 3752, 6, 4720, '', '2.32', 1),
(461, 4, 6006, 41, 2293, 68, 2357, '', '3.68', 0),
(462, 4, 4664, 36, 3768, 45, 3862, '', '2.5', 1),
(463, 4, 3508, 12, 5322, 3, 3497, '', '2.12', 1),
(464, 4, 3723, 45, 4745, 42, 3763, '', '1.63', 1),
(465, 4, 3405, 3, 5263, 4, 3376, '', '2.12', 1),
(466, 4, 4784, 26, 3778, 2, 3742, '', '2.32', 1),
(467, 4, 4833, 6, 3790, 41, 3644, 'ALL35%', '1.73', 1),
(468, 4, 6248, 45, 2206, 13, 2339, '全色Da90%', '2.5', 0),
(469, 4, 6039, 49, 2384, 13, 2369, '', '2.5', 0),
(470, 4, 4654, 46, 3502, 45, 2103, 'DaPe50%', '2.52', 0),
(471, 4, 3006, 8, 3048, 8, 4342, '', '3.68', 0),
(472, 4, 3515, 42, 4975, 43, 3782, '', '0.67', 1),
(473, 4, 4543, 27, 3918, 4, 3731, '', '1.09', 1),
(474, 4, 4480, 9, 4512, 13, 1765, '全色DaPe55%', '2.52', 0),
(475, 4, 4628, 49, 3831, 46, 4034, '', '0.78', 1),
(476, 4, 2280, 23, 5968, 33, 2279, 'Pe85%', '2.46', 0),
(477, 4, 6090, 11, 2302, 35, 2364, 'Da85%', '3.68', 0),
(478, 4, 3811, 42, 4692, 46, 3905, '', '0.4', 1),
(479, 4, 3364, 31, 3512, 22, 3821, 'ALL35%', '3.68', 0),
(480, 4, 4464, 48, 4477, 74, 1653, 'DaPe50%', '2.52', 0),
(481, 4, 2401, 6, 5989, 13, 2395, '全色Pe90%', '2.46', 0),
(482, 4, 3818, 21, 4752, 2, 3792, '', '2.52', 1),
(483, 4, 3095, 4, 2766, 7, 4431, '', '3.68', 0),
(484, 4, 3055, 47, 4390, 60, 3224, '', '2.52', 0),
(485, 4, 3958, 49, 3547, 22, 3046, '', '2.46', 0),
(486, 4, 4211, 37, 4219, 41, 3777, '', '1.63', 1),
(487, 4, 3083, 49, 4341, 28, 3089, '', '2.46', 0),
(488, 4, 3559, 26, 3565, 28, 3521, 'ALL35%', '3.4', 0),
(489, 4, 3459, 49, 3608, 55, 3377, 'ALL35%', '2.52', 0),
(490, 4, 2377, 3, 5960, 31, 2318, 'Pe85%', '2.46', 0),
(491, 4, 3756, 23, 2998, 20, 3768, 'VoDa50%', '2.52', 0),
(492, 4, 3908, 14, 4620, 3, 3904, '', '0.4', 1),
(493, 4, 3525, 39, 3943, 43, 4725, '', '1.96', 1),
(494, 4, 3136, 49, 3112, 76, 4456, '', '2.46', 0),
(495, 4, 4519, 8, 2787, 18, 3259, '', '2.32', 0),
(496, 4, 2245, 34, 4495, 17, 3672, '', '2.52', 0),
(497, 4, 2821, 40, 3083, 43, 4128, '', '3.68', 0),
(498, 4, 2345, 42, 2310, 13, 6135, '全色Vo90%', '2.46', 0),
(499, 4, 2383, 40, 5893, 32, 2308, '', '2.32', 0),
(500, 4, 6060, 44, 2330, 35, 2365, '', '3.49', 0),
(501, 4, 3498, 24, 3463, 27, 3648, 'ALL35%', '2.52', 0),
(502, 4, 5864, 6, 2213, 47, 2213, 'Da85%', '2.46', 0),
(503, 4, 4402, 28, 3170, 27, 3016, '', '2.52', 0),
(504, 4, 4326, 46, 2989, 52, 3014, '', '1.73', 0),
(505, 4, 4361, 47, 2006, 37, 4320, 'VoDa50%', '2.32', 0),
(506, 4, 4464, 13, 2934, 6, 2866, '', '3.68', 0),
(507, 4, 2371, 23, 5884, 32, 2315, 'Pe85%', '1.63', 0),
(508, 4, 3568, 10, 3482, 13, 3653, '全色ALL40%', '2.32', 0),
(509, 4, 3459, 14, 3444, 12, 3428, 'ALL35%', '2.32', 0),
(510, 4, 2994, 51, 4335, 49, 2979, '', '2.46', 0),
(511, 4, 2253, 16, 2230, 9, 5917, '', '3.4', 0),
(512, 4, 4224, 41, 3105, 55, 3102, '', '2.46', 0),
(513, 4, 3718, 11, 3822, 1, 4697, '', '1.73', 1),
(514, 4, 4370, 51, 3042, 42, 2743, '', '2.52', 0),
(515, 4, 2441, 24, 4050, 17, 4028, 'VoPe50%', '2.46', 0),
(516, 4, 2380, 27, 2354, 13, 6049, '全色Vo90%', '2.5', 0),
(517, 4, 2184, 47, 4042, 48, 4060, 'VoPe50%', '2.46', 0),
(518, 4, 3110, 27, 4395, 28, 3059, '', '1.73', 0),
(519, 4, 4241, 41, 4217, 42, 3925, 'ALL35%', '0.3', 1),
(520, 4, 3501, 36, 3671, 65, 3436, 'ALL35%', '2.52', 0),
(521, 4, 3912, 39, 4425, 58, 2209, '', '2.52', 0),
(522, 4, 4816, 7, 4764, 6, 2839, 'DaPe50%', '0.3', 1),
(523, 4, 4559, 7, 2970, 21, 3017, '', '2.52', 0),
(524, 4, 3605, 9, 4891, 3, 3732, '', '0.26', 1),
(525, 4, 4355, 4, 1666, 10, 4364, 'VoDa50%', '2.52', 0),
(526, 4, 3070, 38, 4211, 45, 3011, '', '2.32', 0),
(527, 4, 3546, 50, 2320, 44, 4250, '', '3.68', 0),
(528, 4, 4251, 41, 3110, 47, 2903, '', '2.32', 0),
(529, 4, 3633, 35, 3621, 40, 3606, 'ALL40％', '2.52', 0),
(530, 4, 3153, 12, 3077, 37, 4464, '', '2.46', 0),
(531, 4, 3114, 28, 3095, 34, 4383, '', '2.46', 0),
(532, 4, 4273, 25, 3804, 1, 4113, '', '0.4', 1),
(533, 4, 4252, 17, 2863, 2, 3004, '', '2.46', 0),
(534, 4, 2165, 4, 3682, 18, 4608, '', '2.46', 0),
(535, 4, 4095, 37, 3129, 59, 3369, '', '2.46', 0),
(536, 4, 3166, 9, 2928, 21, 4462, '', '2.32', 0),
(537, 4, 3138, 43, 2940, 17, 4360, '', '1.73', 0),
(538, 4, 3621, 35, 3521, 35, 3615, 'ALL35%', '2.46', 0),
(539, 4, 2951, 28, 4137, 3, 2919, '', '2.46', 0),
(540, 4, 4297, 37, 3023, 49, 2962, '', '2.52', 0),
(541, 4, 3813, 36, 3271, 46, 3170, '', '2.46', 0),
(542, 4, 3054, 34, 3122, 59, 4333, '', '1.73', 0),
(543, 4, 3592, 1, 3595, 13, 3598, '全色ALL40％', '2.32', 0),
(544, 4, 4010, 3, 3993, 8, 2282, 'DaPe50%', '1.73', 0),
(545, 4, 3231, 25, 3002, 6, 3970, '', '2.32', 0),
(546, 4, 4521, 50, 1756, 13, 4504, '全色VoDa55％', '2.52', 0),
(547, 4, 4219, 26, 4171, 22, 2256, 'DaPe50%', '1.63', 0),
(548, 4, 3090, 48, 4171, 54, 3042, '', '1.73', 0),
(549, 4, 2364, 52, 2314, 32, 5983, '', '3.68', 0),
(550, 4, 3899, 11, 3759, 6, 4737, '', '0.68', 1),
(551, 4, 4260, 30, 3003, 15, 3036, '', '2.32', 0),
(552, 4, 3720, 35, 3642, 54, 2932, '', '2.32', 0),
(553, 4, 3005, 50, 4291, 48, 3003, '', '2.32', 0),
(554, 4, 3310, 25, 3239, 19, 4005, '', '1.63', 0),
(555, 4, 2007, 9, 4295, 31, 4290, '', '1.63', 0),
(556, 4, 2229, 25, 2271, 11, 5890, '', '2.46', 0),
(557, 4, 2984, 32, 3637, 54, 3667, '', '2.46', 0),
(558, 4, 4034, 26, 3028, 2, 2992, '', '2.32', 0),
(559, 4, 3006, 33, 3011, 51, 4320, '', '2.52', 0),
(560, 4, 3030, 22, 3118, 23, 4338, '', '2.46', 0),
(561, 4, 3554, 31, 3512, 34, 3533, 'ALL35%', '1.73', 0),
(562, 4, 3110, 18, 3025, 15, 4155, '', '2.52', 0),
(563, 4, 2392, 53, 2307, 70, 5966, '', '3.4', 0),
(564, 4, 4458, 54, 2924, 26, 3223, '', '2.52', 0),
(565, 4, 3147, 37, 3183, 40, 4517, '', '1.63', 0),
(566, 4, 2968, 1, 4672, 18, 2837, '', '1.73', 0),
(567, 4, 2235, 56, 2267, 12, 5899, '', '3.4', 0),
(568, 4, 3185, 53, 3039, 37, 4462, '', '2.46', 0),
(569, 4, 2980, 39, 4317, 49, 2994, '', '1.73', 0),
(570, 4, 4135, 50, 2411, 22, 3992, 'VoDa50%', '1.73', 0),
(571, 4, 2026, 35, 4256, 70, 4300, 'VoPe50%', '1.73', 0),
(572, 4, 3068, 21, 4002, 2, 3042, '', '2.52', 0),
(573, 4, 2990, 19, 3021, 9, 4311, '', '2.52', 0),
(574, 4, 3436, 56, 3464, 10, 3425, 'ALL35%', '2.32', 0),
(575, 4, 3192, 52, 2999, 62, 4371, '', '2.32', 0),
(576, 4, 3592, 19, 3531, 39, 3569, 'ALL35%', '1.73', 0),
(577, 4, 3046, 55, 4301, 25, 3199, '', '1.73', 0),
(578, 4, 3972, 20, 3271, 38, 3251, '', '1.73', 0),
(579, 4, 3076, 11, 3019, 30, 4356, '', '1.73', 0),
(580, 4, 3000, 44, 2983, 50, 4296, '', '2.32', 0),
(581, 4, 3165, 54, 3088, 39, 4445, '', '1.73', 0),
(582, 4, 3102, 10, 4122, 15, 3060, '', '1.73', 0),
(583, 4, 3413, 52, 3475, 51, 3442, 'ALL35%', '1.63', 0),
(584, 4, 3441, 6, 3454, 50, 3418, 'ALL35%', '1.63', 0),
(585, 4, 4083, 6, 3040, 41, 2894, 'ALL35%', '1.73', 0),
(586, 4, 2758, 12, 4572, 3, 2747, '', '1.63', 0),
(587, 4, 2968, 11, 3072, 1, 3947, '', '1.73', 0),
(588, 4, 2973, 45, 3995, 42, 3013, '', '1.63', 0),
(589, 4, 3461, 37, 3469, 41, 3027, '', '1.63', 0),
(590, 4, 2655, 3, 4513, 4, 2626, '', '1.73', 0),
(591, 5, 3660, 47, 5061, 42, 3707, '', '3.68', 1),
(592, 5, 3925, 45, 4680, 43, 3760, '', '3.14', 1),
(593, 5, 4346, 46, 4186, 41, 3685, '', '2.32', 1),
(594, 5, 4387, 43, 3714, 41, 4237, 'ALL35%', '2.52', 1),
(595, 5, 4597, 18, 2896, 4, 4750, '', '3.68', 1),
(596, 5, 4046, 17, 3759, 6, 4702, '', '2.52', 1),
(597, 5, 4828, 6, 3861, 44, 3664, '', '2.52', 1),
(598, 5, 3736, 16, 5119, 2, 3521, '', '2.46', 1),
(599, 5, 4212, 38, 3979, 42, 4198, 'ALL35%', '2.46', 1),
(600, 5, 4024, 27, 4022, 1, 4029, '', '2.32', 1),
(601, 5, 3152, 27, 3094, 27, 4421, '', '3.68', 0),
(602, 5, 6045, 8, 2315, 11, 2283, '', '3.68', 0),
(603, 5, 2976, 46, 3021, 49, 4325, '', '3.4', 0),
(604, 5, 3662, 23, 3632, 2, 5019, '', '1.73', 1),
(605, 5, 4813, 1, 3681, 3, 3795, '', '3.05', 1),
(606, 5, 2409, 4, 6006, 39, 2374, '', '3.68', 0),
(607, 5, 2391, 51, 6012, 35, 2353, 'Pe85%', '3.68', 0),
(608, 5, 3815, 31, 4148, 2, 4355, '', '2.5', 1),
(609, 5, 2174, 49, 3658, 58, 4501, '', '3.68', 0),
(610, 5, 2958, 45, 4281, 47, 3044, '', '3.68', 0),
(611, 5, 4574, 28, 1639, 35, 4542, 'VoDa50%', '3.68', 0),
(612, 5, 4005, 40, 3757, 46, 4747, '', '1.73', 1),
(613, 5, 4665, 12, 3769, 6, 3980, '', '1.86', 1),
(614, 5, 2384, 24, 2337, 37, 5991, 'Vo85%', '3.4', 0),
(615, 5, 2855, 11, 4149, 5, 5496, 'VoPe50%', '2.52', 1),
(616, 5, 3958, 28, 3927, 5, 4517, '', '1.73', 1),
(617, 5, 2910, 47, 4311, 42, 2957, '', '3.68', 0),
(618, 5, 4819, 3, 3766, 3, 3683, '', '1.73', 1),
(619, 5, 2343, 41, 2424, 22, 5928, '', '3.4', 0),
(620, 5, 4339, 9, 4257, 1, 3636, 'ALL35%', '1.63', 1),
(621, 5, 4316, 48, 3068, 48, 2995, '', '3.68', 0),
(622, 5, 4528, 43, 3150, 40, 3177, '', '2.46', 0),
(623, 5, 5990, 40, 2319, 68, 2346, '', '3.4', 0),
(624, 5, 3826, 26, 4689, 5, 3906, '', '1.86', 1),
(625, 5, 3451, 42, 3496, 63, 3630, 'ALL35%', '2.52', 0),
(626, 5, 4491, 43, 1750, 13, 4511, '全色VoDa55%', '2.52', 0),
(627, 5, 4020, 35, 4593, 43, 3791, '', '2.01', 1),
(628, 5, 3635, 37, 3598, 37, 3588, 'ALL35%', '3.49', 0),
(629, 5, 4211, 36, 4244, 43, 3931, 'ALL35%', '1.63', 1),
(630, 5, 3637, 50, 3604, 40, 3631, '2.25倍', '3.68', 0),
(631, 5, 3851, 50, 4636, 46, 3933, '', '1.96', 1),
(632, 5, 4645, 34, 3879, 42, 3854, '', '0.78', 1),
(633, 5, 6020, 33, 2275, 70, 2369, '', '3.68', 0),
(634, 5, 1620, 42, 4375, 51, 4404, 'VoPe50%', '2.46', 0),
(635, 5, 6039, 39, 2326, 62, 2304, '', '3.68', 0),
(636, 5, 4723, 14, 3629, 2, 3951, '', '0.78', 1),
(637, 5, 2224, 26, 5951, 10, 2221, '', '3.68', 0),
(638, 5, 2339, 34, 5911, 65, 2350, 'Pe85%', '2.46', 0),
(639, 5, 3123, 8, 4338, 34, 3117, '', '2.52', 0),
(640, 5, 4493, 34, 2983, 60, 3182, '', '2.32', 0),
(641, 5, 2383, 47, 2295, 73, 5926, 'Vo85%', '2.46', 0),
(642, 5, 3830, 48, 4726, 41, 3667, '', '1.09', 1),
(643, 5, 2384, 4, 2378, 13, 6022, '全色Vo90%', '2.46', 0),
(644, 5, 4042, 13, 3883, 3, 4443, '', '1.73', 1),
(645, 5, 3595, 48, 3575, 13, 3619, '全色ALL40%', '2.5', 0),
(646, 5, 4346, 10, 4357, 1, 3683, '', '0.67', 1),
(647, 5, 3687, 43, 2964, 41, 3487, 'ALL35%', '2.52', 0),
(648, 5, 3681, 14, 2131, 18, 4639, '', '2.46', 0),
(649, 5, 3596, 46, 3436, 41, 2935, '', '2.32', 0),
(650, 5, 4350, 3, 1937, 13, 4466, '全色VoDa55%', '2.52', 0),
(651, 5, 3122, 42, 4385, 68, 3084, '', '1.73', 0),
(652, 5, 3598, 40, 3476, 60, 3597, 'ALL35%', '2.52', 0),
(653, 5, 4602, 10, 2935, 25, 3050, '', '2.46', 0),
(654, 5, 4302, 23, 2988, 8, 3015, 'Da85%', '2.32', 0),
(655, 5, 3187, 51, 3061, 76, 4444, '', '2.32', 0),
(656, 5, 5970, 12, 2537, 13, 2282, '全色Da90%', '2.46', 0),
(657, 5, 3104, 24, 3062, 16, 4263, '', '2.52', 0),
(658, 5, 3175, 45, 3930, 43, 3010, '', '2.46', 0),
(659, 5, 2406, 40, 2297, 35, 6050, '', '2.32', 0),
(660, 5, 3583, 51, 3594, 59, 3387, 'ALL35%', '2.32', 0),
(661, 5, 3065, 41, 3070, 63, 4339, '', '2.52', 0),
(662, 5, 5854, 14, 2094, 7, 2335, 'Da85%', '2.32', 0),
(663, 5, 4528, 26, 4127, 6, 3807, '', '0.78', 1),
(664, 5, 2354, 54, 6000, 36, 2322, '', '3.68', 0),
(665, 5, 3847, 18, 2146, 4, 4000, '', '3.68', 0),
(666, 5, 2163, 10, 4092, 19, 4252, '', '2.32', 0),
(667, 5, 1626, 38, 4390, 50, 4366, 'VoPe50%', '2.52', 0),
(668, 5, 4973, 24, 3767, 3, 3530, '', '0.3', 1),
(669, 5, 2247, 28, 5883, 12, 2254, '', '2.52', 0),
(670, 5, 3060, 16, 4166, 7, 3043, '', '2.52', 0),
(671, 5, 4257, 28, 4297, 28, 1996, 'DaPe50%', '2.32', 0),
(672, 5, 3504, 25, 3259, 8, 3527, 'ALL35%', '2.52', 0),
(673, 5, 3296, 17, 3009, 6, 3952, '', '2.52', 0),
(674, 5, 2980, 3, 3628, 15, 3673, '', '2.52', 0),
(675, 5, 4078, 6, 3111, 44, 2914, '', '2.52', 0),
(676, 5, 3127, 26, 3056, 31, 4394, '', '2.52', 0),
(677, 5, 2986, 16, 4369, 2, 2771, '', '2.46', 0),
(678, 5, 4382, 20, 2999, 7, 2916, '', '3.68', 0),
(679, 5, 4407, 36, 3071, 70, 3092, '', '2.32', 0),
(680, 5, 4511, 26, 3075, 37, 3108, '', '2.32', 0),
(681, 5, 3462, 38, 3229, 42, 3448, 'ALL35%', '2.46', 0),
(682, 5, 3274, 27, 3272, 1, 3279, '', '2.32', 0),
(683, 5, 4096, 37, 2379, 17, 4027, 'VoDa50%', '2.46', 0),
(684, 5, 4327, 8, 3121, 17, 2943, '', '1.73', 0),
(685, 5, 2401, 22, 5991, 35, 2366, '', '2.46', 0),
(686, 5, 3674, 31, 3459, 14, 3319, 'ALL35%', '2.52', 0),
(687, 5, 3143, 4, 4331, 36, 3119, '', '1.73', 0),
(688, 5, 3523, 6, 3547, 74, 3525, 'ALL35%', '1.73', 0),
(689, 5, 2371, 6, 2262, 32, 5957, 'Vo85%', '1.73', 0),
(690, 5, 4278, 17, 1899, 26, 4428, 'VoDa50%', '1.73', 0),
(691, 5, 4514, 48, 3058, 37, 3140, '', '1.63', 0),
(692, 5, 3161, 24, 3114, 22, 4200, '', '1.73', 0),
(693, 5, 3568, 35, 3553, 13, 3582, '全色ALL40%', '2.32', 0),
(694, 5, 2374, 11, 6027, 13, 2382, '全色Pe90％', '2.46', 0),
(695, 5, 4393, 33, 1605, 52, 4400, 'VoDa50%', '2.52', 0),
(696, 5, 3512, 4, 3582, 23, 3439, 'ALL35%', '1.63', 0),
(697, 5, 3202, 1, 2894, 26, 4525, '', '2.46', 0),
(698, 5, 3019, 31, 4278, 9, 3014, '', '2.46', 0),
(699, 5, 4359, 9, 1955, 35, 4275, 'VoDa50%', '1.63', 0),
(700, 5, 3027, 24, 4420, 33, 3032, '', '1.63', 0),
(701, 5, 4406, 25, 3142, 18, 2931, '', '1.73', 0),
(702, 5, 4236, 37, 4223, 51, 1875, 'DaPe50%', '2.32', 0),
(703, 5, 4594, 22, 2181, 17, 3626, '', '2.52', 0),
(704, 5, 2893, 39, 4555, 57, 3051, '', '2.32', 0),
(705, 5, 3404, 12, 3150, 21, 4003, '', '1.73', 0),
(706, 5, 2945, 9, 4217, 24, 3149, '', '1.73', 0),
(707, 5, 3008, 48, 3164, 17, 4258, '', '1.63', 0),
(708, 5, 3441, 22, 3448, 9, 3424, 'ALL35%', '2.46', 0),
(709, 5, 4236, 56, 4192, 13, 2354, '全色DaPe55％', '2.52', 0),
(710, 5, 3255, 40, 3007, 46, 3997, '', '1.73', 0),
(711, 5, 2386, 55, 2354, 13, 6045, '', '2.5', 0),
(712, 5, 2970, 28, 4363, 10, 2970, '', '1.63', 0),
(713, 5, 2387, 19, 5857, 32, 2329, '', '2.52', 0),
(714, 5, 2105, 11, 3399, 5, 4746, 'VoPe50%', '2.52', 0),
(715, 5, 2366, 37, 2322, 62, 5915, 'Vo85%', '1.63', 0),
(716, 5, 3208, 28, 3177, 5, 3767, '', '1.73', 0),
(717, 5, 4240, 21, 3837, 1, 4161, '', '0.78', 1),
(718, 5, 4142, 54, 4210, 38, 2244, 'DaPe50%', '2.52', 0),
(719, 5, 3079, 52, 4396, 28, 3097, '', '2.52', 0),
(720, 5, 4367, 36, 2908, 47, 2991, '', '1.73', 0),
(721, 5, 3092, 7, 4259, 20, 3120, '', '1.63', 0),
(722, 5, 2564, 22, 5880, 22, 2244, '', '1.63', 0),
(723, 5, 3546, 20, 3495, 31, 3548, 'ALL35%', '2.32', 0),
(724, 5, 4063, 1, 2931, 3, 3045, '', '2.32', 0),
(725, 5, 3463, 2, 3412, 11, 3454, 'ALL35%', '2.32', 0),
(726, 5, 3185, 11, 4122, 25, 3217, '', '1.63', 0),
(727, 5, 3092, 19, 4258, 27, 3185, '', '1.63', 0),
(728, 5, 4156, 44, 4128, 65, 2274, 'DaPe50%', '1.63', 0),
(729, 5, 2984, 53, 4285, 49, 3001, '', '1.73', 0),
(730, 5, 4336, 55, 2984, 12, 3009, '', '1.63', 0),
(731, 5, 3349, 44, 3401, 49, 3369, '2.25倍', '1.73', 0),
(732, 5, 3292, 13, 3133, 3, 3693, '', '1.73', 0),
(733, 5, 3270, 35, 3843, 43, 3041, '', '1.63', 0),
(734, 5, 2912, 23, 2882, 2, 4269, '', '1.73', 0),
(735, 5, 3461, 36, 3494, 43, 3181, 'ALL35%', '1.63', 0),
(736, 5, 4069, 3, 3016, 3, 2933, '', '1.73', 0),
(737, 5, 3589, 9, 3507, 1, 2886, 'ALL35%', '1.63', 0);

-- name: SeedSkills :exec
INSERT IGNORE INTO `skills` (`id`, `name`, `combo_up_percent`, `duration_sec`, `expected_value`, `interval_sec`, `occurrence_percent`, `score_up_percent`) VALUES
(1, '7秒おきに28%の確率で6秒間PERFECTのスコア19%アップ', NULL, 6, 3.68, 7, 28, 19),
(2, '8秒おきに14%の確率で9秒間PERFECTとGREATのスコア25%アップ', NULL, 9, 3.4, 8, 14, 25),
(3, '6秒おきに24%の確率で5秒間 コンボボーナス12%アップ & スコア12%アップ', 12, 5, 2.75, 6, 24, 12),
(4, '7秒おきに28%の確率で6秒間PERFECTとGREATのスコア13%アップ', NULL, 6, 2.52, 7, 28, 13),
(5, '4秒おき35%の確率で3秒間 スコア12%アップ', NULL, 3, 2.5, 4, 35, 12),
(6, '8秒おきに16%の確率で7秒間PERFECTのスコア20%アップ', NULL, 7, 2.46, 8, 16, 20),
(7, '7秒おき30%の確率で6秒間 スコア12%アップ', NULL, 6, 2.45, 7, 30, 12),
(8, '9秒おきに18%の確率で7秒間 コンボボーナス19%アップ & スコア12%アップ', 19, 7, 2.34, 9, 18, 12),
(9, '7秒おきに28%の確率で6秒間スコア12%アップ', NULL, 6, 2.32, 7, 28, 12),
(10, '9秒おき23%の確率で8秒間 スコア12%アップ', NULL, 8, 2.04, 9, 23, 12),
(11, '9秒おき22%の確率で8秒間 スコア12%アップ', NULL, 8, 1.96, 9, 22, 12),
(12, '8秒おきに16%の確率で5秒間PERFECTとGREATのスコア19%アップ', NULL, 5, 1.73, 8, 16, 19),
(13, '9秒おきに18%の確率で9秒間 コンボボーナス34%アップ', 34, 9, 1.73, 9, 18, NULL),
(14, '8秒おきに17%の確率で5秒間スコア17%アップ', NULL, 5, 1.63, 8, 17, 17),
(15, '11秒おき11%の確率で10秒間 スコア12%アップ', NULL, 10, 1.09, 11, 11, 12),
(16, '7秒おき10%の確率で6秒間 スコア12%アップ', NULL, 6, 0.95, 7, 10, 12),
(17, '12秒おき6%の確率で10秒間 スコア12%アップ', NULL, 10, 0.57, 12, 6, 12),
(18, 'FLEEK!中、3秒おきに20%の確率でFLEEK!中のスコアが14%アップ', NULL, NULL, 0, 3, 20, 14);
