INSERT OR REPLACE INTO "center_skills" ("id", "name", "created_at") VALUES
('1', 'Vo70%', '2022-08-20 18:40:15'),
('2', 'Da70%', '2022-08-20 18:40:15'),
('3', 'Pe70%', '2022-08-20 18:40:15'),
('4', 'ALL35%', '2022-08-20 18:40:15'),
('5', 'VoDa50%', '2022-08-20 18:40:15'),
('6', 'DaPe50%', '2022-08-20 18:40:15'),
('7', 'VoPe50%', '2022-08-20 18:40:15'),
('8', 'Vo85%', '2022-08-20 18:40:15'),
('9', 'Da85%', '2022-08-20 18:40:15'),
('10', 'Pe85%', '2022-08-20 18:40:15'),
('11', '5色Vo90%', '2022-08-20 18:40:15'),
('12', '5色Da90%', '2022-08-20 18:40:15'),
('13', '5色Pe90%', '2022-08-20 18:40:15'),
('14', '5色全40%', '2022-08-20 18:40:15'),
('15', '5色Vo/Da55%', '2022-08-20 18:40:15'),
('16', '5色Da/Pe55%', '2022-08-20 18:40:15'),
('17', '5色Pe/Vo55%', '2022-08-20 18:40:15');

INSERT OR REPLACE INTO "color_types" ("id", "name", "created_at") VALUES
('1', 'Red', '2022-08-20 18:40:15'),
('2', 'Blue', '2022-08-20 18:40:15'),
('3', 'Green', '2022-08-20 18:40:15'),
('4', 'Yellow', '2022-08-20 18:40:15'),
('5', 'Purple', '2022-08-20 18:40:15'),
('6', 'ALL', '2022-08-20 18:40:15');

INSERT OR REPLACE INTO "groups" ("id", "name", "created_at") VALUES
('1', '欅坂46/櫻坂46', '2022-08-20 18:39:22'),
('2', 'けやき坂46/日向坂46', '2022-08-20 18:39:22');

INSERT OR REPLACE INTO "lives" ("id", "name", "created_at") VALUES
('1', '欅坂46 夏の全国アリーナツアー2018', '2022-08-20 18:40:15'),
('2', 'けやき坂46 「走り出す瞬間」ツアー2018', '2022-08-20 18:40:15'),
('3', '欅坂46 生中継! デビューカウントダウンライブ!!', '2022-08-20 18:40:15'),
('4', '日向坂46 デビューカウントダウンライブ!!', '2022-08-20 18:40:15'),
('5', '欅坂46 3rd YEAR ANNIVERSARY LIVE 大阪フェスティバルホール公演', '2022-08-20 18:40:15'),
('6', '欅共和国2019', '2022-08-20 18:40:15'),
('7', '日向坂46 3rdシングル発売記念ワンマンライブ', '2022-08-20 18:40:15'),
('8', '欅坂46 LIVE at 東京ドーム 〜ARENA TOUR 2019 FINAL〜', '2022-08-20 18:40:15'),
('9', '欅坂46 THE LAST LIVE', '2022-08-20 18:40:15'),
('10', 'ひなくり2019', '2022-08-20 18:40:15'),
('11', '欅坂46 3rd YEAR ANNIVERSARY LIVE 日本武道館公演', '2022-08-20 18:40:15'),
('12', 'Live Online, but with YOU!', '2022-08-20 18:40:15'),
('13', 'Live Online, YES! with YOU!', '2022-08-20 18:40:15'),
('14', '櫻坂46 デビューカウントダウンライブ!!', '2022-08-20 18:40:15'),
('15', 'MEMORIAL LIVE 2回目のひな誕祭', '2022-08-20 18:40:15'),
('16', 'ひなくり2020', '2022-08-20 18:40:15'),
('17', '櫻坂46 BACKS LIVE!!', '2022-08-20 18:40:15'),
('18', '全国おひさま化計画 2021', '2022-08-20 18:40:15'),
('19', '1st TOUR 2021', '2022-08-20 18:40:15'),
('20', 'W-KEYAKI FES. 2021', '2022-08-20 18:40:15');

INSERT OR REPLACE INTO "members" ("id", "name", "first_name", "group_id", "phase", "graduated", "created_at") VALUES
('1', '井上梨名', 'いのうえ', '1', '2', '0', '2022-08-20 18:40:15'),
('2', '遠藤光莉', 'えんどう', '1', '2', '0', '2022-08-20 18:40:15'),
('3', '関有美子', 'せき', '1', '2', '0', '2022-08-20 18:40:15'),
('4', '原田葵', 'はらだ', '1', '1', '1', '2022-08-20 18:40:15'),
('6', '佐々木久美', 'ささきく', '2', '1', '0', '2022-08-20 18:40:15'),
('7', '佐藤詩織', 'さとう', '1', '1', '1', '2022-08-20 18:40:15'),
('8', '山﨑天', 'やまさき', '1', '2', '0', '2022-08-20 18:40:15'),
('9', '守屋茜', 'もりや', '1', '1', '1', '2022-08-20 18:40:15'),
('10', '小池美波', 'こいけ', '1', '1', '0', '2022-08-20 18:40:15'),
('11', '小林由依', 'こばやし', '1', '1', '0', '2022-08-20 18:40:15'),
('12', '松田里奈', 'まつだ', '1', '2', '0', '2022-08-20 18:40:15'),
('13', '松平璃子', 'まつだいら', '1', '2', '1', '2022-08-20 18:40:15'),
('14', '上村莉菜', 'うえむら', '1', '1', '0', '2022-08-20 18:40:15'),
('15', '織田奈那', 'おだ', '1', '1', '1', '2022-08-20 18:40:15'),
('16', '森田ひかる', 'もりた', '1', '2', '0', '2022-08-20 18:40:15'),
('17', '菅井友香', 'すがい', '1', '1', '0', '2022-08-20 18:40:15'),
('18', '石森虹花', 'いしもり', '1', '1', '1', '2022-08-20 18:40:15'),
('19', '増本綺良', 'ますもと', '1', '2', '0', '2022-08-20 18:40:15'),
('20', '大園玲', 'おおぞの', '1', '2', '0', '2022-08-20 18:40:15'),
('21', '長沢菜々香', 'ながさわ', '1', '1', '1', '2022-08-20 18:40:15'),
('22', '田村保乃', 'たむら', '1', '2', '0', '2022-08-20 18:40:15'),
('23', '渡辺梨加', 'わたなべ', '1', '1', '1', '2022-08-20 18:40:15'),
('24', '渡邉理佐', 'わたなべ', '1', '1', '1', '2022-08-20 18:40:15'),
('25', '土生瑞穗', 'はぶ', '1', '1', '0', '2022-08-20 18:40:15'),
('26', '藤吉夏鈴', 'ふじよし', '1', '2', '0', '2022-08-20 18:40:15'),
('27', '尾関梨香', 'おぜき', '1', '1', '0', '2022-08-20 18:40:15'),
('28', '武元唯衣', 'たけもと', '1', '2', '0', '2022-08-20 18:40:15'),
('29', '平手友梨奈', 'ひらて', '1', '1', '1', '2022-08-20 18:40:15'),
('30', '鈴本美愉', 'すずもと', '1', '1', '1', '2022-08-20 18:40:15'),
('31', '齋藤冬優花', 'さいとう', '1', '1', '0', '2022-08-20 18:40:15'),
('32', '井口眞緒', 'いぐち', '2', '1', '1', '2022-08-20 18:40:15'),
('33', '影山優佳', 'かげやま', '2', '1', '0', '2022-08-20 18:40:15'),
('34', '加藤史帆', 'かとう', '2', '1', '0', '2022-08-20 18:40:15'),
('35', '河田陽菜', 'かわた', '2', '2', '0', '2022-08-20 18:40:15'),
('36', '宮田愛萌', 'みやた', '2', '2', '0', '2022-08-20 18:40:15'),
('37', '金村美玖', 'かねむら', '2', '2', '0', '2022-08-20 18:40:15'),
('38', '高瀬愛奈', 'たかせ', '2', '1', '0', '2022-08-20 18:40:15'),
('39', '高本彩花', 'たかもと', '2', '1', '0', '2022-08-20 18:40:15'),
('40', '佐々木美玲', 'ささきみ', '2', '1', '0', '2022-08-20 18:40:15'),
('41', '小坂菜緒', 'こさか', '2', '2', '0', '2022-08-20 18:40:15'),
('42', '松田好花', 'まつだ', '2', '2', '0', '2022-08-20 18:40:15'),
('43', '上村ひなの', 'かみむら', '2', '3', '0', '2022-08-20 18:40:15'),
('44', '森本茉莉', 'もりもと', '2', '3', '0', '2022-08-20 18:40:15'),
('45', '丹生明里', 'にぶ', '2', '2', '0', '2022-08-20 18:40:15'),
('46', '潮紗理菜', 'うしお', '2', '1', '0', '2022-08-20 18:40:15'),
('47', '渡邉美穂', 'わたなべ', '2', '2', '1', '2022-08-20 18:40:15'),
('48', '東村芽依', 'ひがしむら', '2', '1', '0', '2022-08-20 18:40:15'),
('49', '富田鈴花', 'とみた', '2', '2', '0', '2022-08-20 18:40:15'),
('50', '濱岸ひより', 'はまぎし', '2', '2', '0', '2022-08-20 18:40:15'),
('51', '齊藤京子', 'さいとう', '2', '1', '0', '2022-08-20 18:40:15'),
('52', '髙橋未来虹', 'たかはし', '2', '3', '0', '2022-08-20 18:40:15'),
('53', '山口陽世', 'やまぐち', '2', '3', '0', '2022-08-20 18:40:15'),
('54', '守屋麗奈', 'もりや', '1', '2', '0', '2022-08-20 18:40:15'),
('55', '幸阪茉里乃', 'こうさか', '1', '2', '0', '2022-08-20 18:40:15'),
('56', '大沼晶保', 'おおぬま', '1', '2', '0', '2022-08-20 18:40:15');

INSERT OR REPLACE INTO "music" ("id", "name", "normal", "pro", "master", "length", "color_type_id", "live_id", "pro_plus", "music_bonus", "setlist_id", "created_at") VALUES
('1', 'Student Dance', '8', '15', '21', '128', '2', '1', NULL, '0', '1', '2022-08-20 18:40:15'),
('2', 'AM1:27', '9', '15', '21', '127', '4', '1', '20', '0', '2', '2022-08-20 18:40:15'),
('3', 'エキセントリック', '11', '17', '23', '197', '5', '1', NULL, '0', '3', '2022-08-20 18:40:15'),
('4', 'ガラスを割れ！', '11', '18', '24', '132', '1', '1', '21', '1', '4', '2022-08-20 18:40:15'),
('5', '音楽室に片想い', '8', '14', '21', '116', '4', '1', NULL, '1', '5', '2022-08-20 18:40:15'),
('6', '制服と太陽', '9', '15', '21', '128', '1', '1', NULL, '0', '6', '2022-08-20 18:40:15'),
('7', '302号室', '8', '16', '22', '137', '4', '1', NULL, '0', '7', '2022-08-20 18:40:15'),
('8', '二人セゾン', '9', '15', '23', '147', '1', '1', NULL, '1', '8', '2022-08-20 18:40:15'),
('9', 'キミガイナイ', '9', '14', '23', '162', '2', '1', NULL, '1', '9', '2022-08-20 18:40:15'),
('10', '避雷針', '12', '18', '25', '270', '5', '1', NULL, '0', '10', '2022-08-20 18:40:15'),
('11', 'もう森へ帰ろうか？', '9', '15', '22', '139', '3', '1', NULL, '1', '11', '2022-08-20 18:40:15'),
('12', 'I''m out', '8', '15', '21', '170', '1', '1', NULL, '0', '12', '2022-08-20 18:40:15'),
('13', '語るなら未来を・・・', '9', '15', '22', '120', '5', '1', '19', '0', '13', '2022-08-20 18:40:15'),
('14', 'サイレントマジョリティー', '10', '17', '24', '148', '6', '1', NULL, '1', '14', '2022-08-20 18:40:15'),
('15', '世界には愛しかない', '8', '15', '21', '163', '2', '1', NULL, '0', '15', '2022-08-20 18:40:15'),
('16', '風に吹かれても', '9', '18', '22', '108', '2', '1', '19', '0', '16', '2022-08-20 18:40:15'),
('17', 'アンビバレント', '11', '18', '23', '195', '3', '1', '21', '1', '17', '2022-08-20 18:40:15'),
('18', '手を繋いで帰ろうか', '10', '16', '23', '155', '4', '1', NULL, '0', '18', '2022-08-20 18:40:15'),
('19', '危なっかしい計画', '11', '18', '24', '154', '6', '1', '21', '0', '19', '2022-08-20 18:40:15'),
('20', 'W-KEYAKIZAKAの詩', '8', '16', '22', '230', '6', '1', '19', '0', '20', '2022-08-20 18:40:15'),
('21', 'ひらがなで恋したい', '10', '17', '23', '122', '4', '2', '18', '1', '1', '2022-08-20 18:40:15'),
('22', 'おいで夏の境界線', '11', '18', '23', '127', '2', '2', NULL, '0', '2', '2022-08-20 18:40:15'),
('23', '最前列へ', '8', '14', '21', '150', '2', '2', '18', '0', '3', '2022-08-20 18:40:15'),
('24', 'こんな整列を誰がさせるのか？', '11', '17', '24', '151', '5', '2', '21', '0', '4', '2022-08-20 18:40:15'),
('25', '未熟な怒り', '10', '16', '22', '104', '2', '2', NULL, '0', '5', '2022-08-20 18:40:15'),
('26', '線香花火が消えるまで', '9', '16', '23', '192', '3', '2', NULL, '0', '6', '2022-08-20 18:40:15'),
('27', '夏色のミュール', '9', '16', '22', '151', '3', '2', NULL, '0', '7', '2022-08-20 18:40:15'),
('28', 'ノックをするな！', '11', '18', '24', '120', '1', '2', '21', '0', '8', '2022-08-20 18:40:15'),
('29', 'ハロウィンのカボチャが割れた', '9', '16', '23', '131', '1', '2', NULL, '0', '9', '2022-08-20 18:40:15'),
('30', '猫の名前', '11', '16', '23', '165', '5', '2', NULL, '0', '10', '2022-08-20 18:40:15'),
('31', '期待していない自分', '10', '16', '23', '160', '6', '2', NULL, '1', '11', '2022-08-20 18:40:15'),
('32', '永遠の白線', '10', '17', '23', '137', '3', '2', NULL, '0', '12', '2022-08-20 18:40:15'),
('33', '半分の記憶', '9', '15', '22', '132', '5', '2', NULL, '1', '13', '2022-08-20 18:40:15'),
('34', '誰よりも高く跳べ！', '12', '16', '23', '149', '1', '2', NULL, '1', '14', '2022-08-20 18:40:15'),
('35', 'NO WAR in the future', '9', '16', '22', '141', '6', '2', NULL, '0', '15', '2022-08-20 18:40:15'),
('36', '車輪が軋むように君が泣く', '9', '15', '22', '129', '4', '2', NULL, '0', '16', '2022-08-20 18:40:15'),
('37', 'ひらがなけやき', '9', '15', '21', '169', '3', '2', NULL, '1', '17', '2022-08-20 18:40:15'),
('38', '僕たちは付き合っている', '12', '17', '23', '146', '4', '2', NULL, '0', '18', '2022-08-20 18:40:15'),
('39', '約束の卵', '9', '15', '22', '178', '6', '2', NULL, '0', '19', '2022-08-20 18:40:15'),
('40', 'NO WAR in the future', '11', '17', '24', '148', '5', '2', '20', '0', '20', '2022-08-20 18:40:15'),
('41', 'サイレントマジョリティー', '9', '15', '21', '148', '5', '3', NULL, '1', '1', '2022-08-20 18:40:15'),
('42', 'キミガイナイ', '8', '14', '20', '159', '1', '3', NULL, '1', '2', '2022-08-20 18:40:15'),
('43', '山手線', '9', '15', '23', '210', '3', '3', NULL, '0', '3', '2022-08-20 18:40:15'),
('44', '渋谷川', '8', '14', '20', '173', '4', '3', NULL, '0', '4', '2022-08-20 18:40:15'),
('45', '乗り遅れたバス', '9', '15', '21', '215', '2', '3', NULL, '0', '5', '2022-08-20 18:40:15'),
('46', '手を繋いで帰ろうか', '8', '16', '23', '140', '3', '3', NULL, '0', '6', '2022-08-20 18:40:15'),
('47', 'ハッピーオーラ', '11', '17', '23', '152', '1', '4', '20', '1', '1', '2022-08-20 18:40:15'),
('48', 'キュン', '11', '17', '23', '198', '2', '4', '20', '1', '2', '2022-08-20 18:40:15'),
('49', 'ときめき草', '11', '15', '22', '175', '4', '4', NULL, '0', '3', '2022-08-20 18:40:15'),
('50', '耳に落ちる涙', '10', '14', '21', '140', '3', '4', NULL, '0', '4', '2022-08-20 18:40:15'),
('51', '沈黙が愛なら', '10', '16', '23', '128', '5', '4', NULL, '0', '5', '2022-08-20 18:40:15'),
('52', '君に話しておきたいこと', '8', '14', '21', '181', '5', '4', NULL, '1', '6', '2022-08-20 18:40:15'),
('53', '抱きしめてやる', '11', '17', '24', '123', '4', '4', NULL, '0', '7', '2022-08-20 18:40:15'),
('54', 'JOYFUL LOVE', '11', '15', '22', '143', '6', '4', NULL, '1', '8', '2022-08-20 18:40:15'),
('55', '日向坂', '0', '0', '0', '187', '6', '4', NULL, '0', '9', '2022-08-20 18:40:15'),
('56', 'サイレントマジョリティー', '10', '17', '23', '140', '3', '5', NULL, '1', '1', '2022-08-20 18:40:15'),
('57', '世界には愛しかない', '12', '16', '22', '153', '4', '5', NULL, '0', '2', '2022-08-20 18:40:15'),
('58', '二人セゾン', '11', '16', '22', '155', '2', '5', NULL, '1', '3', '2022-08-20 18:40:15'),
('59', '僕たちの戦争', '12', '17', '23', '104', '6', '5', NULL, '0', '4', '2022-08-20 18:40:15'),
('60', 'Nobody', '9', '15', '21', '131', '5', '5', NULL, '1', '5', '2022-08-20 18:40:15'),
('61', '手を繋いで帰ろうか', '8', '14', '22', '149', '5', '5', NULL, '0', '6', '2022-08-20 18:40:15'),
('62', '誰のことを一番愛してる？', '12', '18', '23', '128', '1', '5', NULL, '0', '7', '2022-08-20 18:40:15'),
('63', '東京タワーはどこから見える？', '12', '17', '24', '113', '2', '5', NULL, '1', '8', '2022-08-20 18:40:15'),
('64', '危なっかしい計画', '10', '17', '22', '154', '1', '5', NULL, '0', '9', '2022-08-20 18:40:15'),
('65', '世界には愛しかない', '0', '0', '23', '148', '5', '6', NULL, '0', '1', '2022-08-20 18:40:15'),
('66', '手を繋いで帰ろうか', '0', '0', '22', '133', '6', '6', NULL, '0', '2', '2022-08-20 18:40:15'),
('67', '青空が違う', '0', '0', '22', '148', '3', '6', NULL, '0', '3', '2022-08-20 18:40:15'),
('68', '太陽は見上げる人を選ばない', '0', '0', '23', '122', '4', '6', NULL, '0', '4', '2022-08-20 18:40:15'),
('69', 'アンビバレント', '0', '0', '23', '181', '2', '6', NULL, '0', '5', '2022-08-20 18:40:15'),
('70', 'ドレミソラシド', '0', '0', '23', '177', '6', '7', NULL, '0', '1', '2022-08-20 18:40:15'),
('71', 'ひらがなで恋したい', '0', '0', '23', '115', '1', '7', NULL, '0', '2', '2022-08-20 18:40:15'),
('72', '期待していない自分', '0', '0', '24', '145', '4', '7', NULL, '0', '3', '2022-08-20 18:40:15'),
('73', 'My god', '0', '0', '21', '149', '3', '7', NULL, '0', '4', '2022-08-20 18:40:15'),
('74', 'やさしさが邪魔をする', '0', '0', '20', '112', '1', '7', NULL, '0', '5', '2022-08-20 18:40:15'),
('75', 'Cage', '0', '0', '22', '196', '4', '7', NULL, '0', '6', '2022-08-20 18:40:15'),
('76', 'Dash&Rush', '0', '0', '24', '104', '3', '7', NULL, '0', '7', '2022-08-20 18:40:15'),
('77', '君に話しておきたいこと', '0', '0', '21', '139', '4', '7', NULL, '0', '8', '2022-08-20 18:40:15'),
('78', 'こんなに好きになっちゃっていいの?', '0', '0', '23', '153', '5', '7', NULL, '0', '9', '2022-08-20 18:40:15'),
('79', 'キツネ', '0', '0', '23', '142', '5', '7', NULL, '0', '10', '2022-08-20 18:40:15'),
('80', 'NO WAR in the future', '0', '0', '21', '132', '1', '7', NULL, '0', '11', '2022-08-20 18:40:15'),
('81', 'JOYFUL LOVE', '0', '0', '22', '139', '2', '7', NULL, '0', '12', '2022-08-20 18:40:15'),
('82', '約束の卵', '0', '0', '22', '166', '2', '7', NULL, '0', '13', '2022-08-20 18:40:15'),
('83', '語るなら未来を・・・', '0', '0', '22', '106', '4', '8', NULL, '0', '1', '2022-08-20 18:40:15'),
('84', 'バレエと少年', '0', '0', '20', '157', '5', '8', NULL, '0', '2', '2022-08-20 18:40:15'),
('85', '制服と太陽', '0', '0', '23', '120', '3', '8', NULL, '0', '3', '2022-08-20 18:40:15'),
('86', '結局、じゃあねしか言えない', '0', '0', '22', '122', '2', '8', NULL, '0', '4', '2022-08-20 18:40:15'),
('87', '避雷針', '0', '0', '22', '117', '6', '8', NULL, '0', '5', '2022-08-20 18:40:15'),
('88', '不協和音', '0', '0', '24', '191', '1', '8', NULL, '0', '6', '2022-08-20 18:40:15'),
('89', 'カレイドスコープ', '0', '0', '21', '121', '5', '9', NULL, '0', '1', '2022-08-20 18:40:15'),
('90', 'コンセントレーション', '0', '0', '22', '128', '4', '9', NULL, '0', '2', '2022-08-20 18:40:15'),
('91', 'Deadline', '0', '0', '22', '115', '3', '9', NULL, '0', '3', '2022-08-20 18:40:15'),
('92', '10月のプールに飛び込んだ', '0', '0', '23', '104', '2', '9', NULL, '0', '4', '2022-08-20 18:40:15'),
('93', '砂塵', '0', '0', '20', '123', '1', '9', NULL, '0', '5', '2022-08-20 18:40:15'),
('94', 'Nobod''s fault', '0', '0', '21', '207', '6', '9', NULL, '0', '6', '2022-08-20 18:40:15'),
('95', 'まさか 偶然...', '0', '0', '21', '211', '1', '10', NULL, '0', '1', '2022-08-20 18:40:15'),
('96', 'ホントの時間', '0', '0', '22', '217', '4', '10', NULL, '0', '2', '2022-08-20 18:40:15'),
('97', 'Dash&Rush', '0', '0', '23', '104', '6', '10', NULL, '0', '3', '2022-08-20 18:40:15'),
('98', '誰よりも高く跳べ！', '0', '0', '23', '142', '2', '10', NULL, '0', '4', '2022-08-20 18:40:15'),
('99', '約束の卵', '0', '0', '20', '172', '5', '10', NULL, '0', '5', '2022-08-20 18:40:15'),
('100', '大人は信じてくれない', '0', '0', '21', '89', '5', '11', NULL, '0', '1', '2022-08-20 18:40:15'),
('101', 'もう森へ帰ろうか？', '0', '0', '23', '127', '2', '11', NULL, '0', '2', '2022-08-20 18:40:15'),
('102', '君をもう探さない', '0', '0', '21', '146', '1', '11', NULL, '0', '3', '2022-08-20 18:40:15'),
('103', 'アンビバレント', '0', '0', '24', '173', '4', '11', NULL, '0', '4', '2022-08-20 18:40:15'),
('104', '黒い羊', '0', '0', '23', '219', '3', '11', NULL, '0', '5', '2022-08-20 18:40:15'),
('105', '誰がその鐘を鳴らすのか？', '0', '0', '22', '99', '6', '12', NULL, '0', '1', '2022-08-20 18:40:15'),
('106', 'ナゼー', '0', '0', '22', '171', '3', '13', NULL, '0', '1', '2022-08-20 18:40:15'),
('107', '青春の馬', '0', '0', '23', '211', '2', '13', NULL, '0', '2', '2022-08-20 18:40:15'),
('108', '君のため何ができるだろう', '0', '0', '23', '191', '5', '13', NULL, '0', '3', '2022-08-20 18:40:15'),
('109', '好きということは...', '0', '0', '24', '183', '1', '13', NULL, '0', '4', '2022-08-20 18:40:15'),
('110', '窓を開けなくても', '0', '0', '21', '173', '2', '13', NULL, '0', '5', '2022-08-20 18:40:15'),
('111', 'ソンナコトナイヨ', '0', '0', '23', '183', '4', '13', NULL, '0', '6', '2022-08-20 18:40:15'),
('112', 'Nobody''s fault', '0', '0', '22', '207', '2', '14', NULL, '0', '1', '2022-08-20 18:40:15'),
('113', 'ブルームーンキス', '0', '0', '21', '215', '2', '14', NULL, '0', '2', '2022-08-20 18:40:15'),
('114', '最終の地下鉄に乗って', '0', '0', '22', '129', '3', '14', NULL, '0', '3', '2022-08-20 18:40:15'),
('115', 'Plastic regret', '0', '0', '23', '99', '1', '14', NULL, '0', '4', '2022-08-20 18:40:15'),
('116', 'なぜ恋をして来なかったんだろう？', '0', '0', '23', '91', '5', '14', NULL, '0', '5', '2022-08-20 18:40:15'),
('117', '半信半疑', '0', '0', '23', '136', '4', '14', NULL, '0', '6', '2022-08-20 18:40:15'),
('118', 'Buddies', '0', '0', '22', '130', '6', '14', NULL, '0', '7', '2022-08-20 18:40:15'),
('119', '櫻坂の詩', '0', '0', '22', '127', '6', '14', NULL, '0', '8', '2022-08-20 18:40:15'),
('120', 'アザトカワイイ', '0', '0', '23', '160', '6', '15', NULL, '0', '1', '2022-08-20 18:40:15'),
('121', '僕たちは付き合っている', '0', '0', '21', '131', '1', '15', NULL, '0', '2', '2022-08-20 18:40:15'),
('122', 'キツネ', '0', '0', '21', '141', '3', '15', NULL, '0', '3', '2022-08-20 18:40:15'),
('123', 'My fans', '0', '0', '24', '93', '2', '15', NULL, '0', '4', '2022-08-20 18:40:15'),
('124', '期待していない自分', '0', '0', '21', '90', '5', '15', NULL, '0', '5', '2022-08-20 18:40:15'),
('125', '青春の馬', '0', '0', '22', '210', '4', '15', NULL, '0', '6', '2022-08-20 18:40:15'),
('126', 'ドレミソラシド', '0', '0', '22', '178', '5', '16', NULL, '0', '1', '2022-08-20 18:40:15'),
('127', 'ただがむしゃらに', '0', '0', '22', '96', '4', '16', NULL, '0', '2', '2022-08-20 18:40:15'),
('128', 'まさか 偶然...', '0', '0', '21', '206', '2', '16', NULL, '0', '3', '2022-08-20 18:40:15'),
('129', '川は流れる', '0', '0', '21', '193', '1', '16', NULL, '0', '4', '2022-08-20 18:40:15'),
('130', 'この夏をジャムにしよう', '0', '0', '24', '135', '4', '16', NULL, '0', '5', '2022-08-20 18:40:15'),
('131', '約束の卵 2020', '0', '0', '22', '167', '3', '16', NULL, '0', '6', '2022-08-20 18:40:15'),
('132', 'Microscope', '0', '0', '22', '87', '3', '17', NULL, '0', '1', '2022-08-20 18:40:15'),
('133', '君と僕と洗濯物', '0', '0', '21', '93', '2', '17', NULL, '0', '2', '2022-08-20 18:40:15'),
('134', 'ブルームーンキス', '0', '0', '23', '218', '4', '17', NULL, '0', '3', '2022-08-20 18:40:15'),
('135', 'それが愛なのね', '0', '0', '23', '108', '6', '17', NULL, '0', '4', '2022-08-20 18:40:15'),
('136', 'なぜ恋をして来なかったんだろう？', '0', '0', '22', '92', '1', '17', NULL, '0', '5', '2022-08-20 18:40:15'),
('137', 'キュン', '0', '0', '22', '196', '5', '18', NULL, '1', '1', '2022-08-20 18:40:15'),
('138', 'ときめき草', '0', '0', '22', '176', '2', '18', NULL, '0', '2', '2022-08-20 18:40:15'),
('139', 'こんなに好きになっちゃっていいの?', '0', '0', '21', '151', '3', '18', NULL, '1', '3', '2022-08-20 18:40:15'),
('140', '君しか勝たん', '0', '0', '22', '151', '4', '18', NULL, '1', '4', '2022-08-20 18:40:15'),
('141', 'ソンナコトナイヨ', '0', '0', '23', '124', '1', '18', NULL, '1', '5', '2022-08-20 18:40:15'),
('142', 'Plastic regret', '0', '0', '21', '101', '4', '19', NULL, '0', '1', '2022-08-20 18:40:15'),
('143', '半信半疑', '0', '0', '21', '139', '1', '19', NULL, '0', '2', '2022-08-20 18:40:15'),
('144', '最終の地下鉄に乗って', '0', '0', '22', '129', '5', '19', NULL, '0', '3', '2022-08-20 18:40:15'),
('145', 'Buddies', '0', '0', '22', '132', '3', '19', NULL, '1', '4', '2022-08-20 18:40:15'),
('146', 'BAN', '0', '0', '23', '109', '2', '19', NULL, '1', '5', '2022-08-20 18:40:15'),
('147', 'Microscope', '12', '18', '23', '87', '5', '20', NULL, '0', '1', '2022-09-18 10:44:10'),
('148', 'W-KEYAKIZAKAの詩', '1', '1', '21', '206', '3', '20', NULL, '0', '11', '2022-09-18 11:05:54'),
('149', 'それが愛なのね', '11', '16', '23', '124', '2', '20', NULL, '0', '4', '2022-09-18 10:46:48'),
('150', '櫻坂の詩', '1', '1', '21', '126', '1', '20', NULL, '0', '3', '2022-09-18 11:04:16'),
('151', '君と僕と洗濯物', '1', '1', '22', '90', '4', '20', NULL, '0', '5', '2022-09-18 10:48:44'),
('152', 'My fans', '1', '1', '21', '99', '4', '20', NULL, '0', '7', '2022-09-18 11:04:39'),
('153', '声の足跡', '1', '1', '21', '129', '2', '20', NULL, '0', '6', '2022-09-18 10:51:01'),
('154', 'NO WAR in the future 2020', '1', '1', '22', '129', '6', '20', NULL, '0', '10', '2022-09-18 10:51:32'),
('155', '思ったよりも寂しくない', '1', '1', '22', '92', '3', '20', NULL, '0', '2', '2022-09-18 10:52:01'),
('156', 'アザトカワイイ', '1', '1', '22', '160', '1', '20', NULL, '0', '8', '2022-09-18 11:05:02'),
('157', '青春の馬', '1', '1', '23', '210', '5', '20', NULL, '0', '9', '2022-09-18 11:05:24');

INSERT OR REPLACE INTO "photograph" ("id", "name", "group_id", "abbreviation", "photo_type", "created_at", "release_at") VALUES
('1', 'サイレントマジョリティー', '1', 'サイマジョ', '楽曲', '2022-08-20 18:40:15', '2019-09-24'),
('2', 'ガラスを割れ！', '1', 'ガラ割れ', '楽曲', '2022-08-20 18:40:15', '2019-11-11'),
('3', '二人セゾン', '1', 'セゾン', '楽曲', '2022-08-20 18:40:15', '2019-11-16'),
('4', 'Nobody', '1', '', '楽曲', '2022-08-20 18:40:15', '2020-02-01'),
('5', 'アンビバレント', '1', 'アンビバ', '楽曲', '2022-08-20 18:40:15', '2020-05-01'),
('6', '風に吹かれても', '1', '風吹か', '楽曲', '2022-08-20 18:40:15', '2020-08-01'),
('7', '世界には愛しかない', '1', 'せかあい', '楽曲', '2022-08-20 18:40:15', '2020-11-01'),
('8', '誰がその鐘を鳴らすのか？', '1', '誰鐘', '楽曲', '2022-08-20 18:40:15', '2021-02-28'),
('9', 'Nobody’s fault', '1', 'ノバフォ', '楽曲', '2022-08-20 18:40:15', '2021-04-30'),
('10', 'なぜ　恋をして来なかったんだろう？', '1', 'なぜ恋', '楽曲', '2022-08-20 18:40:15', '2021-07-31'),
('11', 'Buddies', '1', '', '楽曲', '2022-08-20 18:40:15', '2021-10-31'),
('12', 'BAN', '1', '', '楽曲', '2022-08-20 18:40:15', '2022-01-31'),
('13', 'Precious', '1', '', 'Precious', '2022-08-20 18:40:15', '2020-10-16'),
('14', 'FL 全国アリーナツアー 2018', '1', 'FL 全ツ''18', '限定', '2022-08-20 18:40:15', '2019-10-01'),
('15', 'エレガンス・ルージュ''19', '1', '', '限定', '2022-08-20 18:40:15', '2019-10-18'),
('16', 'FL 3rdYAL', '1', '', '限定', '2022-08-20 18:40:15', '2019-12-20'),
('17', 'NEW YEAR''20', '1', '', '限定', '2022-08-20 18:40:15', '2019-12-31'),
('18', 'ラグジュアリー・ホリディ', '1', '', '限定', '2022-08-20 18:40:15', '2020-03-01'),
('19', 'ブライトフラワーガーデン', '1', '', '限定', '2022-08-20 18:40:15', '2020-06-01'),
('20', 'FL 欅共和国2019', '1', '', '限定', '2022-08-20 18:40:15', '2020-07-08'),
('21', 'ナチュラル・スウィフト', '1', '', '限定', '2022-08-20 18:40:15', '2020-08-31'),
('22', 'UNI''S ON AIR 1st ANNIVERSARY', '1', '', '限定', '2022-08-20 18:40:15', '2020-09-24'),
('23', 'FL 東京ドーム2019', '1', '', '限定', '2022-08-20 18:40:15', '2020-10-01'),
('24', '次の自分へ、進むあなたに。', '1', '', '限定', '2022-08-20 18:40:15', '2020-10-11'),
('25', '聖夜の街角で', '1', '', '限定', '2022-08-20 18:40:15', '2020-12-01'),
('26', 'NEW YEAR''21', '1', '', '限定', '2022-08-20 18:40:15', '2020-12-31'),
('27', '春が舞い込む街角', '1', '', '限定', '2022-08-20 18:40:15', '2021-02-01'),
('28', 'Live Online''20 at 1.5anniv.', '1', '', '限定', '2022-08-20 18:40:15', '2021-03-23'),
('29', 'その日を境に、世界が変わった。', '1', '', '限定', '2022-08-20 18:40:15', '2021-04-27'),
('30', 'これが、私たちの現在形。', '1', '', '限定', '2022-08-20 18:40:15', '2021-05-02'),
('31', '雨音が包むおうち時間', '1', '', '限定', '2022-08-20 18:40:15', '2021-05-31'),
('32', '想い響く夏祭り', '1', '', '限定', '2022-08-20 18:40:15', '2021-06-30'),
('33', 'FL DCDL', '1', '', '限定', '2022-08-20 18:40:15', '2021-07-11'),
('34', '静寂に包まれた洋書室にて', '1', '', '限定', '2022-08-20 18:40:15', '2021-08-31'),
('35', 'UNI''S ON AIR 2nd ANNIVERSARY', '1', '', '限定', '2022-08-20 18:40:15', '2021-09-24'),
('36', 'クリスマスベルの音色が彩る夜に', '1', '', '限定', '2022-08-20 18:40:15', '2021-12-07'),
('37', 'NEW YEAR''22', '1', '', '限定', '2022-08-20 18:40:15', '2022-01-01'),
('38', 'FL BACKS LIVE!!', '1', '', '限定', '2022-08-20 18:40:15', '2022-01-19'),
('39', '春風が誘う森を抜けて', '1', '', '限定', '2022-08-20 18:40:15', '2022-02-28'),
('40', 'Tour''21 at 2.5th Anniv.', '1', '', '限定', '2022-08-20 18:40:15', '2022-03-23'),
('41', 'キュン', '2', 'キュン', '楽曲', '2022-08-20 18:40:15', '2019-09-24'),
('42', 'JOYFUL LOVE', '2', 'ジョイラ', '楽曲', '2022-08-20 18:40:15', '2019-11-11'),
('43', '期待していない自分', '2', '期待自', '楽曲', '2022-08-20 18:40:15', '2019-11-16'),
('44', '君に話しておきたいこと', '2', '君話', '楽曲', '2022-08-20 18:40:15', '2020-02-01'),
('45', 'ハッピーオーラ', '2', 'ハピオラ', '楽曲', '2022-08-20 18:40:15', '2020-05-01'),
('46', 'キツネ', '2', '', '楽曲', '2022-08-20 18:40:15', '2020-08-01'),
('47', 'ドレミソラシド', '2', 'ドレミ', '楽曲', '2022-08-20 18:40:15', '2020-11-01'),
('48', 'こんなに好きになっちゃっていいの？', '2', 'こん好き', '楽曲', '2022-08-20 18:40:15', '2021-02-28'),
('49', 'ソンナコトナイヨ', '2', 'ソンナイ', '楽曲', '2022-08-20 18:40:15', '2021-04-30'),
('50', '青春の馬', '2', '馬', '楽曲', '2022-08-20 18:40:15', '2021-07-31'),
('51', 'アザトカワイイ', '2', 'アザカワ', '楽曲', '2022-08-20 18:40:15', '2021-10-31'),
('52', '君しか勝たん', '2', 'しかたん', '楽曲', '2022-08-20 18:40:15', '2022-01-31'),
('53', 'Precious', '2', '', 'Precious', '2022-08-20 18:40:15', '2020-10-16'),
('54', 'セルリアン・フラワーズ''19', '2', '', '限定', '2022-08-20 18:40:15', '2019-10-18'),
('55', 'FL DCL', '2', '', '限定', '2022-08-20 18:40:15', '2019-10-24'),
('56', 'NEW YEAR''20', '2', '', '限定', '2022-08-20 18:40:15', '2019-12-31'),
('57', 'ホワイト・ドリーミング', '2', '', '限定', '2022-08-20 18:40:15', '2020-03-01'),
('58', 'アーリーサマーシャイン', '2', '', '限定', '2022-08-20 18:40:15', '2020-06-01'),
('59', 'FL 3rdワンマンライブ', '2', '', '限定', '2022-08-20 18:40:15', '2020-07-08'),
('60', 'ブリック・ストリート', '2', '', '限定', '2022-08-20 18:40:15', '2020-08-31'),
('61', 'UNI''S ON AIR 1st ANNIVERSARY', '2', '', '限定', '2022-08-20 18:40:15', '2020-09-24'),
('62', '黄昏雪色のクリスマスを', '2', '', '限定', '2022-08-20 18:40:15', '2020-12-09'),
('63', 'FL ひなくり2019', '2', '', '限定', '2022-08-20 18:40:15', '2020-12-22'),
('64', 'NEW YEAR''21', '2', '', '限定', '2022-08-20 18:40:15', '2020-12-31'),
('65', '花薫る早春の昼下がり', '2', '', '限定', '2022-08-20 18:40:15', '2021-02-01'),
('66', 'Live Online''20 at 1.5anniv.', '2', '', '限定', '2022-08-20 18:40:15', '2021-03-23'),
('67', 'その日を境に、世界が変わった。', '2', '', '限定', '2022-08-20 18:40:15', '2021-04-27'),
('68', '雨上がりの朝日の先に', '2', '', '限定', '2022-08-20 18:40:15', '2021-05-31'),
('69', '想い響く夏祭り', '2', '', '限定', '2022-08-20 18:40:15', '2021-06-30'),
('70', '夕日差し込む静寂の時間', '2', '', '限定', '2022-08-20 18:40:15', '2021-08-31'),
('71', 'UNI''S ON AIR 2nd ANNIVERSARY', '2', '', '限定', '2022-08-20 18:40:15', '2021-09-24'),
('72', 'FL ひな誕祭', '2', '', '限定', '2022-08-20 18:40:15', '2021-10-03'),
('73', '星々の瞬きが祝福する夜に', '2', '', '限定', '2022-08-20 18:40:15', '2021-12-07'),
('74', 'FL ひなくり2020', '2', '', '限定', '2022-08-20 18:40:15', '2021-12-17'),
('75', 'NEW YEAR''22', '2', '', '限定', '2022-08-20 18:40:15', '2022-01-01'),
('76', '夢運ぶ春のひととき', '2', '', '限定', '2022-08-20 18:40:15', '2022-02-28'),
('77', 'Tour''21 at 2.5th Anniv.', '2', '', '限定', '2022-08-20 18:40:15', '2022-03-23'),
('78', '思ったよりも寂しくない', '1', '思寂', '楽曲', '2022-08-22 17:36:18', '2022-05-07'),
('79', '声の足跡', '2', '', '楽曲', '2022-08-22 17:36:38', '2022-05-07'),
('80', '流れ弾', '1', '', '楽曲', '2022-09-18 13:00:22', '2022-08-31'),
('81', 'ってか', '2', '', '楽曲', '2022-09-18 13:00:36', '2022-08-31'),
('82', 'UNI''S ON AIR 3rd ANNIVERSARY', '1', '', '限定', '2022-10-02 10:54:12', '2022-09-24'),
('83', 'UNI''S ON AIR 3rd ANNIVERSARY', '2', '', '限定', '2022-10-02 10:54:12', '2022-09-24');

INSERT OR REPLACE INTO "producer_members" ("id", "producer_id", "member_id", "bond_level_curent", "bond_level_collection_max", "bond_level_scene_max", "discography_disc_total", "discography_disc_total_max", "created_at") VALUES
('1', '1', '1', '0', '0', '0', '0', '0', '2022-09-17 12:36:06'),
('113', '1', '2', '0', '0', '0', '0', '0', '2022-09-17 12:37:20'),
('222', '1', '3', '0', '0', '0', '0', '0', '2022-09-17 12:40:02'),
('276', '1', '4', '0', '0', '0', '0', '0', '2022-09-17 12:41:24'),
('277', '1', '6', '0', '0', '0', '0', '0', '2022-09-17 12:41:24'),
('278', '1', '7', '0', '0', '0', '0', '0', '2022-09-17 12:41:24'),
('279', '1', '8', '0', '0', '0', '0', '0', '2022-09-17 12:41:24'),
('280', '1', '9', '0', '0', '0', '0', '0', '2022-09-17 12:41:24'),
('281', '1', '10', '0', '0', '0', '0', '0', '2022-09-17 12:41:24'),
('282', '1', '11', '0', '0', '0', '0', '0', '2022-09-17 12:41:24'),
('283', '1', '12', '0', '0', '0', '0', '0', '2022-09-17 12:41:24'),
('284', '1', '13', '0', '0', '0', '0', '0', '2022-09-17 12:41:24'),
('285', '1', '14', '0', '0', '0', '0', '0', '2022-09-17 12:41:24'),
('286', '1', '15', '0', '0', '0', '0', '0', '2022-09-17 12:41:24'),
('287', '1', '16', '0', '0', '0', '0', '0', '2022-09-17 12:41:24'),
('288', '1', '17', '0', '0', '0', '0', '0', '2022-09-17 12:41:24'),
('289', '1', '18', '0', '0', '0', '0', '0', '2022-09-17 12:41:24'),
('290', '1', '19', '0', '0', '0', '0', '0', '2022-09-17 12:41:24'),
('291', '1', '20', '0', '0', '0', '0', '0', '2022-09-17 12:41:24'),
('292', '1', '21', '0', '0', '0', '0', '0', '2022-09-17 12:41:24'),
('293', '1', '22', '0', '0', '0', '0', '0', '2022-09-17 12:41:24'),
('294', '1', '23', '0', '0', '0', '0', '0', '2022-09-17 12:41:24'),
('295', '1', '24', '0', '0', '0', '0', '0', '2022-09-17 12:41:24'),
('296', '1', '25', '0', '0', '0', '0', '0', '2022-09-17 12:41:24'),
('297', '1', '26', '0', '0', '0', '0', '0', '2022-09-17 12:41:24'),
('298', '1', '27', '0', '0', '0', '0', '0', '2022-09-17 12:41:24'),
('299', '1', '28', '0', '0', '0', '0', '0', '2022-09-17 12:41:24'),
('300', '1', '29', '0', '0', '0', '0', '0', '2022-09-17 12:41:24'),
('301', '1', '30', '0', '0', '0', '0', '0', '2022-09-17 12:41:24'),
('302', '1', '31', '0', '0', '0', '0', '0', '2022-09-17 12:41:24'),
('303', '1', '32', '0', '0', '0', '0', '0', '2022-09-17 12:41:24'),
('304', '1', '33', '0', '0', '0', '0', '0', '2022-09-17 12:41:24'),
('305', '1', '34', '0', '0', '0', '0', '0', '2022-09-17 12:41:24'),
('306', '1', '35', '0', '0', '0', '0', '0', '2022-09-17 12:41:24'),
('307', '1', '36', '0', '0', '0', '0', '0', '2022-09-17 12:41:24'),
('308', '1', '37', '0', '0', '0', '0', '0', '2022-09-17 12:41:24'),
('309', '1', '38', '0', '0', '0', '0', '0', '2022-09-17 12:41:24'),
('310', '1', '39', '0', '0', '0', '0', '0', '2022-09-17 12:41:24'),
('311', '1', '40', '0', '0', '0', '0', '0', '2022-09-17 12:41:24'),
('312', '1', '41', '0', '0', '0', '0', '0', '2022-09-17 12:41:24'),
('313', '1', '42', '0', '0', '0', '0', '0', '2022-09-17 12:41:24'),
('314', '1', '43', '0', '0', '0', '0', '0', '2022-09-17 12:41:24'),
('315', '1', '44', '0', '0', '0', '0', '0', '2022-09-17 12:41:24'),
('316', '1', '45', '0', '0', '0', '0', '0', '2022-09-17 12:41:24'),
('317', '1', '46', '0', '0', '0', '0', '0', '2022-09-17 12:41:24'),
('318', '1', '47', '0', '0', '0', '0', '0', '2022-09-17 12:41:24'),
('319', '1', '48', '0', '0', '0', '0', '0', '2022-09-17 12:41:24'),
('320', '1', '49', '0', '0', '0', '0', '0', '2022-09-17 12:41:24'),
('321', '1', '50', '0', '0', '0', '0', '0', '2022-09-17 12:41:24'),
('322', '1', '51', '0', '0', '0', '0', '0', '2022-09-17 12:41:24'),
('323', '1', '52', '0', '0', '0', '0', '0', '2022-09-17 12:41:24'),
('324', '1', '53', '0', '0', '0', '0', '0', '2022-09-17 12:41:24'),
('325', '1', '54', '0', '0', '0', '0', '0', '2022-09-17 12:41:24'),
('326', '1', '55', '0', '0', '0', '0', '0', '2022-09-17 12:41:24'),
('327', '1', '56', '0', '0', '0', '0', '0', '2022-09-17 12:41:24');

INSERT OR REPLACE INTO "producer_offices" ("id", "producer_id", "office_bonus", "created_at") VALUES
('1', '1', '0', '2022-09-17 13:02:09');

INSERT OR REPLACE INTO "producer_scenes" ("id", "producer_id", "photograph_id", "member_id", "have", "created_at") VALUES
('2', '1', '1', '1', '0', '2022-08-22 18:09:00'),
('3', '1', '1', '2', '0', '2022-08-22 18:09:00'),
('4', '1', '1', '3', '0', '2022-08-22 18:09:00'),
('5', '1', '1', '4', '0', '2022-08-22 18:09:00'),
('7', '1', '41', '6', '0', '2022-08-22 18:09:00'),
('8', '1', '1', '7', '0', '2022-08-22 18:09:00'),
('9', '1', '1', '8', '0', '2022-08-22 18:09:00'),
('10', '1', '1', '9', '0', '2022-08-22 18:09:00'),
('11', '1', '1', '10', '0', '2022-08-22 18:09:00'),
('12', '1', '1', '11', '0', '2022-08-22 18:09:00'),
('13', '1', '1', '12', '0', '2022-08-22 18:09:00'),
('14', '1', '1', '13', '0', '2022-08-22 18:09:00'),
('15', '1', '1', '14', '0', '2022-08-22 18:09:00'),
('16', '1', '1', '15', '0', '2022-08-22 18:09:00'),
('17', '1', '1', '16', '0', '2022-08-22 18:09:00'),
('18', '1', '1', '17', '0', '2022-08-22 18:09:00'),
('19', '1', '1', '18', '0', '2022-08-22 18:09:00'),
('20', '1', '1', '19', '0', '2022-08-22 18:09:00'),
('21', '1', '1', '20', '0', '2022-08-22 18:09:00'),
('22', '1', '1', '21', '0', '2022-08-22 18:09:00'),
('23', '1', '1', '22', '0', '2022-08-22 18:09:00'),
('24', '1', '1', '23', '0', '2022-08-22 18:09:00'),
('25', '1', '1', '24', '0', '2022-08-22 18:09:00'),
('26', '1', '1', '25', '0', '2022-08-22 18:09:00'),
('27', '1', '1', '26', '0', '2022-08-22 18:09:00'),
('28', '1', '1', '27', '0', '2022-08-22 18:09:00'),
('29', '1', '1', '28', '0', '2022-08-22 18:09:00'),
('30', '1', '1', '29', '0', '2022-08-22 18:09:00'),
('31', '1', '1', '30', '0', '2022-08-22 18:09:00'),
('32', '1', '1', '31', '0', '2022-08-22 18:09:00'),
('33', '1', '1', '54', '0', '2022-08-22 18:09:00'),
('34', '1', '1', '55', '0', '2022-08-22 18:09:00'),
('35', '1', '1', '56', '0', '2022-08-22 18:09:00'),
('36', '1', '2', '1', '0', '2022-08-22 18:12:20'),
('37', '1', '2', '2', '0', '2022-08-22 18:12:20'),
('38', '1', '2', '3', '0', '2022-08-22 18:12:20'),
('39', '1', '2', '4', '0', '2022-08-22 18:12:20'),
('41', '1', '42', '6', '0', '2022-08-22 18:12:20'),
('42', '1', '2', '7', '0', '2022-08-22 18:12:20'),
('43', '1', '2', '8', '0', '2022-08-22 18:12:20'),
('44', '1', '2', '9', '0', '2022-08-22 18:12:20'),
('45', '1', '2', '10', '0', '2022-08-22 18:12:20'),
('46', '1', '2', '11', '0', '2022-08-22 18:12:20'),
('47', '1', '2', '12', '0', '2022-08-22 18:12:20'),
('48', '1', '2', '13', '0', '2022-08-22 18:12:20'),
('49', '1', '2', '14', '0', '2022-08-22 18:12:20'),
('50', '1', '2', '15', '0', '2022-08-22 18:12:20'),
('51', '1', '2', '16', '0', '2022-08-22 18:12:20'),
('52', '1', '2', '17', '0', '2022-08-22 18:12:20'),
('53', '1', '2', '18', '0', '2022-08-22 18:12:20'),
('54', '1', '2', '19', '0', '2022-08-22 18:12:20'),
('55', '1', '2', '20', '0', '2022-08-22 18:12:20'),
('56', '1', '2', '21', '0', '2022-08-22 18:12:20'),
('57', '1', '2', '22', '0', '2022-08-22 18:12:20'),
('58', '1', '2', '23', '0', '2022-08-22 18:12:20'),
('59', '1', '2', '24', '0', '2022-08-22 18:12:20'),
('60', '1', '2', '25', '0', '2022-08-22 18:12:20'),
('61', '1', '2', '26', '0', '2022-08-22 18:12:20'),
('62', '1', '2', '27', '0', '2022-08-22 18:12:20'),
('63', '1', '2', '28', '0', '2022-08-22 18:12:20'),
('64', '1', '2', '29', '0', '2022-08-22 18:12:20'),
('65', '1', '2', '30', '0', '2022-08-22 18:12:20'),
('66', '1', '2', '31', '0', '2022-08-22 18:12:20'),
('67', '1', '2', '54', '0', '2022-08-22 18:12:20'),
('68', '1', '2', '55', '0', '2022-08-22 18:12:20'),
('69', '1', '2', '56', '0', '2022-08-22 18:12:20'),
('70', '1', '3', '1', '0', '2022-08-22 18:13:09'),
('71', '1', '3', '2', '0', '2022-08-22 18:13:09'),
('72', '1', '3', '3', '0', '2022-08-22 18:13:09'),
('73', '1', '3', '4', '0', '2022-08-22 18:13:09'),
('75', '1', '43', '6', '0', '2022-08-22 18:13:09'),
('76', '1', '3', '7', '0', '2022-08-22 18:13:09'),
('77', '1', '3', '8', '0', '2022-08-22 18:13:09'),
('78', '1', '3', '9', '0', '2022-08-22 18:13:09'),
('79', '1', '3', '10', '0', '2022-08-22 18:13:09'),
('80', '1', '3', '11', '0', '2022-08-22 18:13:09'),
('81', '1', '3', '12', '0', '2022-08-22 18:13:09'),
('82', '1', '3', '13', '0', '2022-08-22 18:13:09'),
('83', '1', '3', '14', '0', '2022-08-22 18:13:09'),
('84', '1', '3', '15', '0', '2022-08-22 18:13:09'),
('85', '1', '3', '16', '0', '2022-08-22 18:13:09'),
('86', '1', '3', '17', '0', '2022-08-22 18:13:09'),
('87', '1', '3', '18', '0', '2022-08-22 18:13:09'),
('88', '1', '3', '19', '0', '2022-08-22 18:13:09'),
('89', '1', '3', '20', '0', '2022-08-22 18:13:09'),
('90', '1', '3', '21', '0', '2022-08-22 18:13:09'),
('91', '1', '3', '22', '0', '2022-08-22 18:13:09'),
('92', '1', '3', '23', '0', '2022-08-22 18:13:09'),
('93', '1', '3', '24', '0', '2022-08-22 18:13:09'),
('94', '1', '3', '25', '0', '2022-08-22 18:13:09'),
('95', '1', '3', '26', '0', '2022-08-22 18:13:09'),
('96', '1', '3', '27', '0', '2022-08-22 18:13:09'),
('97', '1', '3', '28', '0', '2022-08-22 18:13:09'),
('98', '1', '3', '29', '0', '2022-08-22 18:13:09'),
('99', '1', '3', '30', '0', '2022-08-22 18:13:09'),
('100', '1', '3', '31', '0', '2022-08-22 18:13:09'),
('101', '1', '3', '54', '0', '2022-08-22 18:13:09'),
('102', '1', '3', '55', '0', '2022-08-22 18:13:09'),
('103', '1', '3', '56', '0', '2022-08-22 18:13:09'),
('104', '1', '4', '1', '0', '2022-08-22 18:13:17'),
('105', '1', '4', '2', '0', '2022-08-22 18:13:17'),
('106', '1', '4', '3', '0', '2022-08-22 18:13:17'),
('107', '1', '4', '4', '0', '2022-08-22 18:13:17'),
('109', '1', '44', '6', '0', '2022-08-22 18:13:17'),
('110', '1', '4', '7', '0', '2022-08-22 18:13:17'),
('111', '1', '4', '8', '0', '2022-08-22 18:13:17'),
('112', '1', '4', '9', '0', '2022-08-22 18:13:17'),
('113', '1', '4', '10', '0', '2022-08-22 18:13:17'),
('114', '1', '4', '11', '0', '2022-08-22 18:13:17'),
('115', '1', '4', '12', '0', '2022-08-22 18:13:17'),
('116', '1', '4', '13', '0', '2022-08-22 18:13:17'),
('117', '1', '4', '14', '0', '2022-08-22 18:13:17'),
('118', '1', '4', '15', '0', '2022-08-22 18:13:17'),
('119', '1', '4', '16', '0', '2022-08-22 18:13:17'),
('120', '1', '4', '17', '0', '2022-08-22 18:13:17'),
('121', '1', '4', '18', '0', '2022-08-22 18:13:17'),
('122', '1', '4', '19', '0', '2022-08-22 18:13:17'),
('123', '1', '4', '20', '0', '2022-08-22 18:13:17'),
('124', '1', '4', '21', '0', '2022-08-22 18:13:17'),
('125', '1', '4', '22', '0', '2022-08-22 18:13:17'),
('126', '1', '4', '23', '0', '2022-08-22 18:13:17'),
('127', '1', '4', '24', '0', '2022-08-22 18:13:17'),
('128', '1', '4', '25', '0', '2022-08-22 18:13:17'),
('129', '1', '4', '26', '0', '2022-08-22 18:13:17'),
('130', '1', '4', '27', '0', '2022-08-22 18:13:17'),
('131', '1', '4', '28', '0', '2022-08-22 18:13:17'),
('132', '1', '4', '29', '0', '2022-08-22 18:13:17'),
('133', '1', '4', '30', '0', '2022-08-22 18:13:17'),
('134', '1', '4', '31', '0', '2022-08-22 18:13:17'),
('135', '1', '4', '54', '0', '2022-08-22 18:13:17'),
('136', '1', '4', '55', '0', '2022-08-22 18:13:17'),
('137', '1', '4', '56', '0', '2022-08-22 18:13:17'),
('138', '1', '5', '1', '0', '2022-08-22 18:13:39'),
('139', '1', '5', '2', '0', '2022-08-22 18:13:39'),
('140', '1', '5', '3', '0', '2022-08-22 18:13:39'),
('141', '1', '5', '4', '0', '2022-08-22 18:13:39'),
('143', '1', '45', '6', '0', '2022-08-22 18:13:39'),
('144', '1', '5', '7', '0', '2022-08-22 18:13:39'),
('145', '1', '5', '8', '0', '2022-08-22 18:13:39'),
('146', '1', '5', '9', '0', '2022-08-22 18:13:39'),
('147', '1', '5', '10', '0', '2022-08-22 18:13:39'),
('148', '1', '5', '11', '0', '2022-08-22 18:13:39'),
('149', '1', '5', '12', '0', '2022-08-22 18:13:39'),
('150', '1', '5', '13', '0', '2022-08-22 18:13:39'),
('151', '1', '5', '14', '0', '2022-08-22 18:13:39'),
('152', '1', '5', '15', '0', '2022-08-22 18:13:39'),
('153', '1', '5', '16', '0', '2022-08-22 18:13:39'),
('154', '1', '5', '17', '0', '2022-08-22 18:13:39'),
('155', '1', '5', '18', '0', '2022-08-22 18:13:39'),
('156', '1', '5', '19', '0', '2022-08-22 18:13:39'),
('157', '1', '5', '20', '0', '2022-08-22 18:13:39'),
('158', '1', '5', '21', '0', '2022-08-22 18:13:39'),
('159', '1', '5', '22', '0', '2022-08-22 18:13:39'),
('160', '1', '5', '23', '0', '2022-08-22 18:13:39'),
('161', '1', '5', '24', '0', '2022-08-22 18:13:39'),
('162', '1', '5', '25', '0', '2022-08-22 18:13:39'),
('163', '1', '5', '26', '0', '2022-08-22 18:13:39'),
('164', '1', '5', '27', '0', '2022-08-22 18:13:39'),
('165', '1', '5', '28', '0', '2022-08-22 18:13:39'),
('166', '1', '5', '29', '0', '2022-08-22 18:13:39'),
('167', '1', '5', '30', '0', '2022-08-22 18:13:39'),
('168', '1', '5', '31', '0', '2022-08-22 18:13:39'),
('169', '1', '5', '54', '0', '2022-08-22 18:13:39'),
('170', '1', '5', '55', '0', '2022-08-22 18:13:39'),
('171', '1', '5', '56', '0', '2022-08-22 18:13:39'),
('172', '1', '6', '1', '0', '2022-08-22 18:13:48'),
('173', '1', '6', '2', '0', '2022-08-22 18:13:48'),
('174', '1', '6', '3', '0', '2022-08-22 18:13:48'),
('175', '1', '6', '4', '0', '2022-08-22 18:13:48'),
('177', '1', '46', '6', '0', '2022-08-22 18:13:48'),
('178', '1', '6', '7', '0', '2022-08-22 18:13:48'),
('179', '1', '6', '8', '0', '2022-08-22 18:13:48'),
('180', '1', '6', '9', '0', '2022-08-22 18:13:48'),
('181', '1', '6', '10', '0', '2022-08-22 18:13:48'),
('182', '1', '6', '11', '0', '2022-08-22 18:13:48'),
('183', '1', '6', '12', '0', '2022-08-22 18:13:48'),
('184', '1', '6', '13', '0', '2022-08-22 18:13:48'),
('185', '1', '6', '14', '0', '2022-08-22 18:13:48'),
('186', '1', '6', '15', '0', '2022-08-22 18:13:48'),
('187', '1', '6', '16', '0', '2022-08-22 18:13:48'),
('188', '1', '6', '17', '0', '2022-08-22 18:13:48'),
('189', '1', '6', '18', '0', '2022-08-22 18:13:48'),
('190', '1', '6', '19', '0', '2022-08-22 18:13:48'),
('191', '1', '6', '20', '0', '2022-08-22 18:13:48'),
('192', '1', '6', '21', '0', '2022-08-22 18:13:48'),
('193', '1', '6', '22', '0', '2022-08-22 18:13:48'),
('194', '1', '6', '23', '0', '2022-08-22 18:13:48'),
('195', '1', '6', '24', '0', '2022-08-22 18:13:48'),
('196', '1', '6', '25', '0', '2022-08-22 18:13:48'),
('197', '1', '6', '26', '0', '2022-08-22 18:13:48'),
('198', '1', '6', '27', '0', '2022-08-22 18:13:48'),
('199', '1', '6', '28', '0', '2022-08-22 18:13:48'),
('200', '1', '6', '29', '0', '2022-08-22 18:13:48'),
('201', '1', '6', '30', '0', '2022-08-22 18:13:48'),
('202', '1', '6', '31', '0', '2022-08-22 18:13:48'),
('203', '1', '6', '54', '0', '2022-08-22 18:13:48'),
('204', '1', '6', '55', '0', '2022-08-22 18:13:48'),
('205', '1', '6', '56', '0', '2022-08-22 18:13:48'),
('206', '1', '7', '1', '0', '2022-08-22 18:13:56'),
('207', '1', '7', '2', '0', '2022-08-22 18:13:56'),
('208', '1', '7', '3', '0', '2022-08-22 18:13:56'),
('209', '1', '7', '4', '0', '2022-08-22 18:13:56'),
('211', '1', '47', '6', '0', '2022-08-22 18:13:56'),
('212', '1', '7', '7', '0', '2022-08-22 18:13:56'),
('213', '1', '7', '8', '0', '2022-08-22 18:13:56'),
('214', '1', '7', '9', '0', '2022-08-22 18:13:56'),
('215', '1', '7', '10', '0', '2022-08-22 18:13:56'),
('216', '1', '7', '11', '0', '2022-08-22 18:13:56'),
('217', '1', '7', '12', '0', '2022-08-22 18:13:56'),
('218', '1', '7', '13', '0', '2022-08-22 18:13:56'),
('219', '1', '7', '14', '0', '2022-08-22 18:13:56'),
('220', '1', '7', '15', '0', '2022-08-22 18:13:56'),
('221', '1', '7', '16', '0', '2022-08-22 18:13:56'),
('222', '1', '7', '17', '0', '2022-08-22 18:13:56'),
('223', '1', '7', '18', '0', '2022-08-22 18:13:56'),
('224', '1', '7', '19', '0', '2022-08-22 18:13:56'),
('225', '1', '7', '20', '0', '2022-08-22 18:13:56'),
('226', '1', '7', '21', '0', '2022-08-22 18:13:56'),
('227', '1', '7', '22', '0', '2022-08-22 18:13:56'),
('228', '1', '7', '23', '0', '2022-08-22 18:13:56'),
('229', '1', '7', '24', '0', '2022-08-22 18:13:56'),
('230', '1', '7', '25', '0', '2022-08-22 18:13:56'),
('231', '1', '7', '26', '0', '2022-08-22 18:13:56'),
('232', '1', '7', '27', '0', '2022-08-22 18:13:56'),
('233', '1', '7', '28', '0', '2022-08-22 18:13:56'),
('234', '1', '7', '29', '0', '2022-08-22 18:13:56'),
('235', '1', '7', '30', '0', '2022-08-22 18:13:56'),
('236', '1', '7', '31', '0', '2022-08-22 18:13:56'),
('237', '1', '7', '54', '0', '2022-08-22 18:13:56'),
('238', '1', '7', '55', '0', '2022-08-22 18:13:56'),
('239', '1', '7', '56', '0', '2022-08-22 18:13:56'),
('240', '1', '8', '1', '0', '2022-08-22 18:14:03'),
('241', '1', '8', '2', '0', '2022-08-22 18:14:03'),
('242', '1', '8', '3', '0', '2022-08-22 18:14:03'),
('243', '1', '8', '4', '0', '2022-08-22 18:14:03'),
('245', '1', '48', '6', '0', '2022-08-22 18:14:03'),
('246', '1', '8', '7', '0', '2022-08-22 18:14:03'),
('247', '1', '8', '8', '0', '2022-08-22 18:14:03'),
('248', '1', '8', '9', '0', '2022-08-22 18:14:03'),
('249', '1', '8', '10', '0', '2022-08-22 18:14:03'),
('250', '1', '8', '11', '0', '2022-08-22 18:14:03'),
('251', '1', '8', '12', '0', '2022-08-22 18:14:03'),
('252', '1', '8', '13', '0', '2022-08-22 18:14:03'),
('253', '1', '8', '14', '0', '2022-08-22 18:14:03'),
('254', '1', '8', '15', '0', '2022-08-22 18:14:03'),
('255', '1', '8', '16', '0', '2022-08-22 18:14:03'),
('256', '1', '8', '17', '0', '2022-08-22 18:14:03'),
('257', '1', '8', '18', '0', '2022-08-22 18:14:03'),
('258', '1', '8', '19', '0', '2022-08-22 18:14:03'),
('259', '1', '8', '20', '0', '2022-08-22 18:14:03'),
('260', '1', '8', '21', '0', '2022-08-22 18:14:03'),
('261', '1', '8', '22', '0', '2022-08-22 18:14:03'),
('262', '1', '8', '23', '0', '2022-08-22 18:14:03'),
('263', '1', '8', '24', '0', '2022-08-22 18:14:03'),
('264', '1', '8', '25', '0', '2022-08-22 18:14:03'),
('265', '1', '8', '26', '0', '2022-08-22 18:14:03'),
('266', '1', '8', '27', '0', '2022-08-22 18:14:03'),
('267', '1', '8', '28', '0', '2022-08-22 18:14:03'),
('268', '1', '8', '29', '0', '2022-08-22 18:14:03'),
('269', '1', '8', '30', '0', '2022-08-22 18:14:03'),
('270', '1', '8', '31', '0', '2022-08-22 18:14:03'),
('271', '1', '8', '54', '0', '2022-08-22 18:14:03'),
('272', '1', '8', '55', '0', '2022-08-22 18:14:03'),
('273', '1', '8', '56', '0', '2022-08-22 18:14:03'),
('274', '1', '9', '1', '0', '2022-08-22 18:14:21'),
('275', '1', '9', '2', '0', '2022-08-22 18:14:21'),
('276', '1', '9', '3', '0', '2022-08-22 18:14:21'),
('277', '1', '9', '4', '0', '2022-08-22 18:14:21'),
('279', '1', '49', '6', '0', '2022-08-22 18:14:21'),
('280', '1', '9', '7', '0', '2022-08-22 18:14:21'),
('281', '1', '9', '8', '0', '2022-08-22 18:14:21'),
('282', '1', '9', '9', '0', '2022-08-22 18:14:21'),
('283', '1', '9', '10', '0', '2022-08-22 18:14:21'),
('284', '1', '9', '11', '0', '2022-08-22 18:14:21'),
('285', '1', '9', '12', '0', '2022-08-22 18:14:21'),
('286', '1', '9', '13', '0', '2022-08-22 18:14:21'),
('287', '1', '9', '14', '0', '2022-08-22 18:14:21'),
('288', '1', '9', '15', '0', '2022-08-22 18:14:21'),
('289', '1', '9', '16', '0', '2022-08-22 18:14:21'),
('290', '1', '9', '17', '0', '2022-08-22 18:14:21'),
('291', '1', '9', '18', '0', '2022-08-22 18:14:21'),
('292', '1', '9', '19', '0', '2022-08-22 18:14:21'),
('293', '1', '9', '20', '0', '2022-08-22 18:14:21'),
('294', '1', '9', '21', '0', '2022-08-22 18:14:21'),
('295', '1', '9', '22', '0', '2022-08-22 18:14:21'),
('296', '1', '9', '23', '0', '2022-08-22 18:14:21'),
('297', '1', '9', '24', '0', '2022-08-22 18:14:21'),
('298', '1', '9', '25', '0', '2022-08-22 18:14:21'),
('299', '1', '9', '26', '0', '2022-08-22 18:14:21'),
('300', '1', '9', '27', '0', '2022-08-22 18:14:21'),
('301', '1', '9', '28', '0', '2022-08-22 18:14:21'),
('302', '1', '9', '29', '0', '2022-08-22 18:14:21'),
('303', '1', '9', '30', '0', '2022-08-22 18:14:21'),
('304', '1', '9', '31', '0', '2022-08-22 18:14:21'),
('305', '1', '9', '54', '0', '2022-08-22 18:14:21'),
('306', '1', '9', '55', '0', '2022-08-22 18:14:21'),
('307', '1', '9', '56', '0', '2022-08-22 18:14:21'),
('308', '1', '10', '1', '0', '2022-08-22 18:14:34'),
('309', '1', '10', '2', '0', '2022-08-22 18:14:34'),
('310', '1', '10', '3', '0', '2022-08-22 18:14:34'),
('311', '1', '10', '4', '0', '2022-08-22 18:14:34'),
('313', '1', '50', '6', '0', '2022-08-22 18:14:34'),
('314', '1', '10', '7', '0', '2022-08-22 18:14:34'),
('315', '1', '10', '8', '0', '2022-08-22 18:14:34'),
('316', '1', '10', '9', '0', '2022-08-22 18:14:34'),
('317', '1', '10', '10', '0', '2022-08-22 18:14:34'),
('318', '1', '10', '11', '0', '2022-08-22 18:14:34'),
('319', '1', '10', '12', '0', '2022-08-22 18:14:34'),
('320', '1', '10', '13', '0', '2022-08-22 18:14:34'),
('321', '1', '10', '14', '0', '2022-08-22 18:14:34'),
('322', '1', '10', '15', '0', '2022-08-22 18:14:34'),
('323', '1', '10', '16', '0', '2022-08-22 18:14:34'),
('324', '1', '10', '17', '0', '2022-08-22 18:14:34'),
('325', '1', '10', '18', '0', '2022-08-22 18:14:34'),
('326', '1', '10', '19', '0', '2022-08-22 18:14:34'),
('327', '1', '10', '20', '0', '2022-08-22 18:14:34'),
('328', '1', '10', '21', '0', '2022-08-22 18:14:34'),
('329', '1', '10', '22', '0', '2022-08-22 18:14:34'),
('330', '1', '10', '23', '0', '2022-08-22 18:14:34'),
('331', '1', '10', '24', '0', '2022-08-22 18:14:34'),
('332', '1', '10', '25', '0', '2022-08-22 18:14:34'),
('333', '1', '10', '26', '0', '2022-08-22 18:14:34'),
('334', '1', '10', '27', '0', '2022-08-22 18:14:34'),
('335', '1', '10', '28', '0', '2022-08-22 18:14:34'),
('336', '1', '10', '29', '0', '2022-08-22 18:14:34'),
('337', '1', '10', '30', '0', '2022-08-22 18:14:34'),
('338', '1', '10', '31', '0', '2022-08-22 18:14:34'),
('339', '1', '10', '54', '0', '2022-08-22 18:14:34'),
('340', '1', '10', '55', '0', '2022-08-22 18:14:34'),
('341', '1', '10', '56', '0', '2022-08-22 18:14:34'),
('342', '1', '11', '1', '0', '2022-08-22 18:14:43'),
('343', '1', '11', '2', '0', '2022-08-22 18:14:43'),
('344', '1', '11', '3', '0', '2022-08-22 18:14:43'),
('345', '1', '11', '4', '0', '2022-08-22 18:14:43'),
('347', '1', '51', '6', '0', '2022-08-22 18:14:43'),
('348', '1', '11', '7', '0', '2022-08-22 18:14:43'),
('349', '1', '11', '8', '0', '2022-08-22 18:14:43'),
('350', '1', '11', '9', '0', '2022-08-22 18:14:43'),
('351', '1', '11', '10', '0', '2022-08-22 18:14:43'),
('352', '1', '11', '11', '0', '2022-08-22 18:14:43'),
('353', '1', '11', '12', '0', '2022-08-22 18:14:43'),
('354', '1', '11', '13', '0', '2022-08-22 18:14:43'),
('355', '1', '11', '14', '0', '2022-08-22 18:14:43'),
('356', '1', '11', '15', '0', '2022-08-22 18:14:43'),
('357', '1', '11', '16', '0', '2022-08-22 18:14:43'),
('358', '1', '11', '17', '0', '2022-08-22 18:14:43'),
('359', '1', '11', '18', '0', '2022-08-22 18:14:43'),
('360', '1', '11', '19', '0', '2022-08-22 18:14:43'),
('361', '1', '11', '20', '0', '2022-08-22 18:14:43'),
('362', '1', '11', '21', '0', '2022-08-22 18:14:43'),
('363', '1', '11', '22', '0', '2022-08-22 18:14:43'),
('364', '1', '11', '23', '0', '2022-08-22 18:14:43'),
('365', '1', '11', '24', '0', '2022-08-22 18:14:43'),
('366', '1', '11', '25', '0', '2022-08-22 18:14:43'),
('367', '1', '11', '26', '0', '2022-08-22 18:14:43'),
('368', '1', '11', '27', '0', '2022-08-22 18:14:43'),
('369', '1', '11', '28', '0', '2022-08-22 18:14:43'),
('370', '1', '11', '29', '0', '2022-08-22 18:14:43'),
('371', '1', '11', '30', '0', '2022-08-22 18:14:43'),
('372', '1', '11', '31', '0', '2022-08-22 18:14:43'),
('373', '1', '11', '54', '0', '2022-08-22 18:14:43'),
('374', '1', '11', '55', '0', '2022-08-22 18:14:43'),
('375', '1', '11', '56', '0', '2022-08-22 18:14:43'),
('376', '1', '12', '1', '0', '2022-08-22 18:14:51'),
('377', '1', '12', '2', '0', '2022-08-22 18:14:51'),
('378', '1', '12', '3', '0', '2022-08-22 18:14:51'),
('379', '1', '12', '4', '0', '2022-08-22 18:14:51'),
('381', '1', '52', '6', '0', '2022-08-22 18:14:51'),
('382', '1', '12', '7', '0', '2022-08-22 18:14:51'),
('383', '1', '12', '8', '0', '2022-08-22 18:14:51'),
('384', '1', '12', '9', '0', '2022-08-22 18:14:51'),
('385', '1', '12', '10', '0', '2022-08-22 18:14:51'),
('386', '1', '12', '11', '0', '2022-08-22 18:14:51'),
('387', '1', '12', '12', '0', '2022-08-22 18:14:51'),
('388', '1', '12', '13', '0', '2022-08-22 18:14:51'),
('389', '1', '12', '14', '0', '2022-08-22 18:14:51'),
('390', '1', '12', '15', '0', '2022-08-22 18:14:51'),
('391', '1', '12', '16', '0', '2022-08-22 18:14:51'),
('392', '1', '12', '17', '0', '2022-08-22 18:14:51'),
('393', '1', '12', '18', '0', '2022-08-22 18:14:51'),
('394', '1', '12', '19', '0', '2022-08-22 18:14:51'),
('395', '1', '12', '20', '0', '2022-08-22 18:14:51'),
('396', '1', '12', '21', '0', '2022-08-22 18:14:51'),
('397', '1', '12', '22', '0', '2022-08-22 18:14:51'),
('398', '1', '12', '23', '0', '2022-08-22 18:14:51'),
('399', '1', '12', '24', '0', '2022-08-22 18:14:51'),
('400', '1', '12', '25', '0', '2022-08-22 18:14:51'),
('401', '1', '12', '26', '0', '2022-08-22 18:14:51'),
('402', '1', '12', '27', '0', '2022-08-22 18:14:51'),
('403', '1', '12', '28', '0', '2022-08-22 18:14:51'),
('404', '1', '12', '29', '0', '2022-08-22 18:14:51'),
('405', '1', '12', '30', '0', '2022-08-22 18:14:51'),
('406', '1', '12', '31', '0', '2022-08-22 18:14:51'),
('407', '1', '12', '54', '0', '2022-08-22 18:14:51'),
('408', '1', '12', '55', '0', '2022-08-22 18:14:51'),
('409', '1', '12', '56', '0', '2022-08-22 18:14:51'),
('410', '1', '78', '1', '0', '2022-08-22 18:15:05'),
('411', '1', '78', '2', '0', '2022-08-22 18:15:05'),
('412', '1', '78', '3', '0', '2022-08-22 18:15:05'),
('413', '1', '78', '4', '0', '2022-08-22 18:15:05'),
('415', '1', '79', '6', '0', '2022-08-22 18:15:05'),
('416', '1', '78', '7', '0', '2022-08-22 18:15:05'),
('417', '1', '78', '8', '0', '2022-08-22 18:15:05'),
('418', '1', '78', '9', '0', '2022-08-22 18:15:05'),
('419', '1', '78', '10', '0', '2022-08-22 18:15:05'),
('420', '1', '78', '11', '0', '2022-08-22 18:15:05'),
('421', '1', '78', '12', '0', '2022-08-22 18:15:05'),
('422', '1', '78', '13', '0', '2022-08-22 18:15:05'),
('423', '1', '78', '14', '0', '2022-08-22 18:15:05'),
('424', '1', '78', '15', '0', '2022-08-22 18:15:05'),
('425', '1', '78', '16', '0', '2022-08-22 18:15:05'),
('426', '1', '78', '17', '0', '2022-08-22 18:15:05'),
('427', '1', '78', '18', '0', '2022-08-22 18:15:05'),
('428', '1', '78', '19', '0', '2022-08-22 18:15:05'),
('429', '1', '78', '20', '0', '2022-08-22 18:15:05'),
('430', '1', '78', '21', '0', '2022-08-22 18:15:05'),
('431', '1', '78', '22', '0', '2022-08-22 18:15:05'),
('432', '1', '78', '23', '0', '2022-08-22 18:15:05'),
('433', '1', '78', '24', '0', '2022-08-22 18:15:05'),
('434', '1', '78', '25', '0', '2022-08-22 18:15:05'),
('435', '1', '78', '26', '0', '2022-08-22 18:15:05'),
('436', '1', '78', '27', '0', '2022-08-22 18:15:05'),
('437', '1', '78', '28', '0', '2022-08-22 18:15:05'),
('438', '1', '78', '29', '0', '2022-08-22 18:15:05'),
('439', '1', '78', '30', '0', '2022-08-22 18:15:05'),
('440', '1', '78', '31', '0', '2022-08-22 18:15:05'),
('441', '1', '78', '54', '0', '2022-08-22 18:15:05'),
('442', '1', '78', '55', '0', '2022-08-22 18:15:05'),
('443', '1', '78', '56', '0', '2022-08-22 18:15:05'),
('444', '1', '41', '32', '0', '2022-08-22 18:17:51'),
('445', '1', '41', '33', '0', '2022-08-22 18:17:51'),
('446', '1', '41', '34', '0', '2022-08-22 18:17:51'),
('447', '1', '41', '35', '0', '2022-08-22 18:17:51'),
('448', '1', '41', '36', '0', '2022-08-22 18:17:51'),
('449', '1', '41', '37', '0', '2022-08-22 18:17:51'),
('450', '1', '41', '38', '0', '2022-08-22 18:17:51'),
('451', '1', '41', '39', '0', '2022-08-22 18:17:51'),
('452', '1', '41', '40', '0', '2022-08-22 18:17:51'),
('453', '1', '41', '41', '0', '2022-08-22 18:17:51'),
('454', '1', '41', '42', '0', '2022-08-22 18:17:51'),
('455', '1', '41', '43', '0', '2022-08-22 18:17:51'),
('456', '1', '41', '44', '0', '2022-08-22 18:17:51'),
('457', '1', '41', '45', '0', '2022-08-22 18:17:51'),
('458', '1', '41', '46', '0', '2022-08-22 18:17:51'),
('459', '1', '41', '47', '0', '2022-08-22 18:17:51'),
('460', '1', '41', '48', '0', '2022-08-22 18:17:51'),
('461', '1', '41', '49', '0', '2022-08-22 18:17:51'),
('462', '1', '41', '50', '0', '2022-08-22 18:17:51'),
('463', '1', '41', '51', '0', '2022-08-22 18:17:51'),
('464', '1', '41', '52', '0', '2022-08-22 18:17:51'),
('465', '1', '41', '53', '0', '2022-08-22 18:17:51'),
('466', '1', '42', '32', '0', '2022-08-22 18:19:52'),
('467', '1', '42', '33', '0', '2022-08-22 18:19:52'),
('468', '1', '42', '34', '0', '2022-08-22 18:19:52'),
('469', '1', '42', '35', '0', '2022-08-22 18:19:52'),
('470', '1', '42', '36', '0', '2022-08-22 18:19:52'),
('471', '1', '42', '37', '0', '2022-08-22 18:19:52'),
('472', '1', '42', '38', '0', '2022-08-22 18:19:52'),
('473', '1', '42', '39', '0', '2022-08-22 18:19:52'),
('474', '1', '42', '40', '0', '2022-08-22 18:19:52'),
('475', '1', '42', '41', '0', '2022-08-22 18:19:52'),
('476', '1', '42', '42', '0', '2022-08-22 18:19:52'),
('477', '1', '42', '43', '0', '2022-08-22 18:19:52'),
('478', '1', '42', '44', '0', '2022-08-22 18:19:52'),
('479', '1', '42', '45', '0', '2022-08-22 18:19:52'),
('480', '1', '42', '46', '0', '2022-08-22 18:19:52'),
('481', '1', '42', '47', '0', '2022-08-22 18:19:52'),
('482', '1', '42', '48', '0', '2022-08-22 18:19:52'),
('483', '1', '42', '49', '0', '2022-08-22 18:19:52'),
('484', '1', '42', '50', '0', '2022-08-22 18:19:52'),
('485', '1', '42', '51', '0', '2022-08-22 18:19:52'),
('486', '1', '42', '52', '0', '2022-08-22 18:19:52'),
('487', '1', '42', '53', '0', '2022-08-22 18:19:52'),
('488', '1', '43', '32', '0', '2022-08-22 18:20:01'),
('489', '1', '43', '33', '0', '2022-08-22 18:20:01'),
('490', '1', '43', '34', '0', '2022-08-22 18:20:01'),
('491', '1', '43', '35', '0', '2022-08-22 18:20:01'),
('492', '1', '43', '36', '0', '2022-08-22 18:20:01'),
('493', '1', '43', '37', '0', '2022-08-22 18:20:01'),
('494', '1', '43', '38', '0', '2022-08-22 18:20:01'),
('495', '1', '43', '39', '0', '2022-08-22 18:20:01'),
('496', '1', '43', '40', '0', '2022-08-22 18:20:01'),
('497', '1', '43', '41', '0', '2022-08-22 18:20:01'),
('498', '1', '43', '42', '0', '2022-08-22 18:20:01'),
('499', '1', '43', '43', '0', '2022-08-22 18:20:01'),
('500', '1', '43', '44', '0', '2022-08-22 18:20:01'),
('501', '1', '43', '45', '0', '2022-08-22 18:20:01'),
('502', '1', '43', '46', '0', '2022-08-22 18:20:01'),
('503', '1', '43', '47', '0', '2022-08-22 18:20:01'),
('504', '1', '43', '48', '0', '2022-08-22 18:20:01'),
('505', '1', '43', '49', '0', '2022-08-22 18:20:01'),
('506', '1', '43', '50', '0', '2022-08-22 18:20:01'),
('507', '1', '43', '51', '0', '2022-08-22 18:20:01'),
('508', '1', '43', '52', '0', '2022-08-22 18:20:01'),
('509', '1', '43', '53', '0', '2022-08-22 18:20:01'),
('510', '1', '44', '32', '0', '2022-08-22 18:20:09'),
('511', '1', '44', '33', '0', '2022-08-22 18:20:09'),
('512', '1', '44', '34', '0', '2022-08-22 18:20:09'),
('513', '1', '44', '35', '0', '2022-08-22 18:20:09'),
('514', '1', '44', '36', '0', '2022-08-22 18:20:09'),
('515', '1', '44', '37', '0', '2022-08-22 18:20:09'),
('516', '1', '44', '38', '0', '2022-08-22 18:20:09'),
('517', '1', '44', '39', '0', '2022-08-22 18:20:09'),
('518', '1', '44', '40', '0', '2022-08-22 18:20:09'),
('519', '1', '44', '41', '0', '2022-08-22 18:20:09'),
('520', '1', '44', '42', '0', '2022-08-22 18:20:09'),
('521', '1', '44', '43', '0', '2022-08-22 18:20:09'),
('522', '1', '44', '44', '0', '2022-08-22 18:20:09'),
('523', '1', '44', '45', '0', '2022-08-22 18:20:09'),
('524', '1', '44', '46', '0', '2022-08-22 18:20:09'),
('525', '1', '44', '47', '0', '2022-08-22 18:20:09'),
('526', '1', '44', '48', '0', '2022-08-22 18:20:09'),
('527', '1', '44', '49', '0', '2022-08-22 18:20:09'),
('528', '1', '44', '50', '0', '2022-08-22 18:20:09'),
('529', '1', '44', '51', '0', '2022-08-22 18:20:09'),
('530', '1', '44', '52', '0', '2022-08-22 18:20:09'),
('531', '1', '44', '53', '0', '2022-08-22 18:20:09'),
('532', '1', '45', '32', '0', '2022-08-22 18:20:16'),
('533', '1', '45', '33', '0', '2022-08-22 18:20:16'),
('534', '1', '45', '34', '0', '2022-08-22 18:20:16'),
('535', '1', '45', '35', '0', '2022-08-22 18:20:16'),
('536', '1', '45', '36', '0', '2022-08-22 18:20:16'),
('537', '1', '45', '37', '0', '2022-08-22 18:20:16'),
('538', '1', '45', '38', '0', '2022-08-22 18:20:16'),
('539', '1', '45', '39', '0', '2022-08-22 18:20:16'),
('540', '1', '45', '40', '0', '2022-08-22 18:20:16'),
('541', '1', '45', '41', '0', '2022-08-22 18:20:16'),
('542', '1', '45', '42', '0', '2022-08-22 18:20:16'),
('543', '1', '45', '43', '0', '2022-08-22 18:20:16'),
('544', '1', '45', '44', '0', '2022-08-22 18:20:16'),
('545', '1', '45', '45', '0', '2022-08-22 18:20:16'),
('546', '1', '45', '46', '0', '2022-08-22 18:20:16'),
('547', '1', '45', '47', '0', '2022-08-22 18:20:16'),
('548', '1', '45', '48', '0', '2022-08-22 18:20:16'),
('549', '1', '45', '49', '0', '2022-08-22 18:20:16'),
('550', '1', '45', '50', '0', '2022-08-22 18:20:16'),
('551', '1', '45', '51', '0', '2022-08-22 18:20:16'),
('552', '1', '45', '52', '0', '2022-08-22 18:20:16'),
('553', '1', '45', '53', '0', '2022-08-22 18:20:16'),
('554', '1', '46', '32', '0', '2022-08-22 18:20:23'),
('555', '1', '46', '33', '0', '2022-08-22 18:20:23'),
('556', '1', '46', '34', '0', '2022-08-22 18:20:23'),
('557', '1', '46', '35', '0', '2022-08-22 18:20:23'),
('558', '1', '46', '36', '0', '2022-08-22 18:20:23'),
('559', '1', '46', '37', '0', '2022-08-22 18:20:23'),
('560', '1', '46', '38', '0', '2022-08-22 18:20:23'),
('561', '1', '46', '39', '0', '2022-08-22 18:20:23'),
('562', '1', '46', '40', '0', '2022-08-22 18:20:23'),
('563', '1', '46', '41', '0', '2022-08-22 18:20:23'),
('564', '1', '46', '42', '0', '2022-08-22 18:20:23'),
('565', '1', '46', '43', '0', '2022-08-22 18:20:23'),
('566', '1', '46', '44', '0', '2022-08-22 18:20:23'),
('567', '1', '46', '45', '0', '2022-08-22 18:20:23'),
('568', '1', '46', '46', '0', '2022-08-22 18:20:23'),
('569', '1', '46', '47', '0', '2022-08-22 18:20:23'),
('570', '1', '46', '48', '0', '2022-08-22 18:20:23'),
('571', '1', '46', '49', '0', '2022-08-22 18:20:23'),
('572', '1', '46', '50', '0', '2022-08-22 18:20:23'),
('573', '1', '46', '51', '0', '2022-08-22 18:20:23'),
('574', '1', '46', '52', '0', '2022-08-22 18:20:23'),
('575', '1', '46', '53', '0', '2022-08-22 18:20:23'),
('576', '1', '47', '32', '0', '2022-08-22 18:20:30'),
('577', '1', '47', '33', '0', '2022-08-22 18:20:30'),
('578', '1', '47', '34', '0', '2022-08-22 18:20:30'),
('579', '1', '47', '35', '0', '2022-08-22 18:20:30'),
('580', '1', '47', '36', '0', '2022-08-22 18:20:30'),
('581', '1', '47', '37', '0', '2022-08-22 18:20:30'),
('582', '1', '47', '38', '0', '2022-08-22 18:20:30'),
('583', '1', '47', '39', '0', '2022-08-22 18:20:30'),
('584', '1', '47', '40', '0', '2022-08-22 18:20:30'),
('585', '1', '47', '41', '0', '2022-08-22 18:20:30'),
('586', '1', '47', '42', '0', '2022-08-22 18:20:30'),
('587', '1', '47', '43', '0', '2022-08-22 18:20:30'),
('588', '1', '47', '44', '0', '2022-08-22 18:20:30'),
('589', '1', '47', '45', '0', '2022-08-22 18:20:30'),
('590', '1', '47', '46', '0', '2022-08-22 18:20:30'),
('591', '1', '47', '47', '0', '2022-08-22 18:20:30'),
('592', '1', '47', '48', '0', '2022-08-22 18:20:30'),
('593', '1', '47', '49', '0', '2022-08-22 18:20:30'),
('594', '1', '47', '50', '0', '2022-08-22 18:20:30'),
('595', '1', '47', '51', '0', '2022-08-22 18:20:30'),
('596', '1', '47', '52', '0', '2022-08-22 18:20:30'),
('597', '1', '47', '53', '0', '2022-08-22 18:20:30'),
('598', '1', '48', '32', '0', '2022-08-22 18:20:39'),
('599', '1', '48', '33', '0', '2022-08-22 18:20:39'),
('600', '1', '48', '34', '0', '2022-08-22 18:20:39'),
('601', '1', '48', '35', '0', '2022-08-22 18:20:39'),
('602', '1', '48', '36', '0', '2022-08-22 18:20:39'),
('603', '1', '48', '37', '0', '2022-08-22 18:20:39'),
('604', '1', '48', '38', '0', '2022-08-22 18:20:39'),
('605', '1', '48', '39', '0', '2022-08-22 18:20:39'),
('606', '1', '48', '40', '0', '2022-08-22 18:20:39'),
('607', '1', '48', '41', '0', '2022-08-22 18:20:39'),
('608', '1', '48', '42', '0', '2022-08-22 18:20:39'),
('609', '1', '48', '43', '0', '2022-08-22 18:20:39'),
('610', '1', '48', '44', '0', '2022-08-22 18:20:39'),
('611', '1', '48', '45', '0', '2022-08-22 18:20:39'),
('612', '1', '48', '46', '0', '2022-08-22 18:20:39'),
('613', '1', '48', '47', '0', '2022-08-22 18:20:39'),
('614', '1', '48', '48', '0', '2022-08-22 18:20:39'),
('615', '1', '48', '49', '0', '2022-08-22 18:20:39'),
('616', '1', '48', '50', '0', '2022-08-22 18:20:39'),
('617', '1', '48', '51', '0', '2022-08-22 18:20:39'),
('618', '1', '48', '52', '0', '2022-08-22 18:20:39'),
('619', '1', '48', '53', '0', '2022-08-22 18:20:39'),
('620', '1', '49', '32', '0', '2022-08-22 18:20:50'),
('621', '1', '49', '33', '0', '2022-08-22 18:20:50'),
('622', '1', '49', '34', '0', '2022-08-22 18:20:50'),
('623', '1', '49', '35', '0', '2022-08-22 18:20:50'),
('624', '1', '49', '36', '0', '2022-08-22 18:20:50'),
('625', '1', '49', '37', '0', '2022-08-22 18:20:50'),
('626', '1', '49', '38', '0', '2022-08-22 18:20:50'),
('627', '1', '49', '39', '0', '2022-08-22 18:20:50'),
('628', '1', '49', '40', '0', '2022-08-22 18:20:50'),
('629', '1', '49', '41', '0', '2022-08-22 18:20:50'),
('630', '1', '49', '42', '0', '2022-08-22 18:20:50'),
('631', '1', '49', '43', '0', '2022-08-22 18:20:50'),
('632', '1', '49', '44', '0', '2022-08-22 18:20:50'),
('633', '1', '49', '45', '0', '2022-08-22 18:20:50'),
('634', '1', '49', '46', '0', '2022-08-22 18:20:50'),
('635', '1', '49', '47', '0', '2022-08-22 18:20:50'),
('636', '1', '49', '48', '0', '2022-08-22 18:20:50'),
('637', '1', '49', '49', '0', '2022-08-22 18:20:50'),
('638', '1', '49', '50', '0', '2022-08-22 18:20:50'),
('639', '1', '49', '51', '0', '2022-08-22 18:20:50'),
('640', '1', '49', '52', '0', '2022-08-22 18:20:50'),
('641', '1', '49', '53', '0', '2022-08-22 18:20:50'),
('642', '1', '50', '32', '0', '2022-08-22 18:20:58'),
('643', '1', '50', '33', '0', '2022-08-22 18:20:58'),
('644', '1', '50', '34', '0', '2022-08-22 18:20:58'),
('645', '1', '50', '35', '0', '2022-08-22 18:20:58'),
('646', '1', '50', '36', '0', '2022-08-22 18:20:58'),
('647', '1', '50', '37', '0', '2022-08-22 18:20:58'),
('648', '1', '50', '38', '0', '2022-08-22 18:20:58'),
('649', '1', '50', '39', '0', '2022-08-22 18:20:58'),
('650', '1', '50', '40', '0', '2022-08-22 18:20:58'),
('651', '1', '50', '41', '0', '2022-08-22 18:20:58'),
('652', '1', '50', '42', '0', '2022-08-22 18:20:58'),
('653', '1', '50', '43', '0', '2022-08-22 18:20:58'),
('654', '1', '50', '44', '0', '2022-08-22 18:20:58'),
('655', '1', '50', '45', '0', '2022-08-22 18:20:58'),
('656', '1', '50', '46', '0', '2022-08-22 18:20:58'),
('657', '1', '50', '47', '0', '2022-08-22 18:20:58'),
('658', '1', '50', '48', '0', '2022-08-22 18:20:58'),
('659', '1', '50', '49', '0', '2022-08-22 18:20:58'),
('660', '1', '50', '50', '0', '2022-08-22 18:20:58'),
('661', '1', '50', '51', '0', '2022-08-22 18:20:58'),
('662', '1', '50', '52', '0', '2022-08-22 18:20:58'),
('663', '1', '50', '53', '0', '2022-08-22 18:20:58'),
('664', '1', '51', '32', '0', '2022-08-22 18:21:07'),
('665', '1', '51', '33', '0', '2022-08-22 18:21:07'),
('666', '1', '51', '34', '0', '2022-08-22 18:21:07'),
('667', '1', '51', '35', '0', '2022-08-22 18:21:07'),
('668', '1', '51', '36', '0', '2022-08-22 18:21:07'),
('669', '1', '51', '37', '0', '2022-08-22 18:21:07'),
('670', '1', '51', '38', '0', '2022-08-22 18:21:07'),
('671', '1', '51', '39', '0', '2022-08-22 18:21:07'),
('672', '1', '51', '40', '0', '2022-08-22 18:21:07'),
('673', '1', '51', '41', '0', '2022-08-22 18:21:07'),
('674', '1', '51', '42', '0', '2022-08-22 18:21:07'),
('675', '1', '51', '43', '0', '2022-08-22 18:21:07'),
('676', '1', '51', '44', '0', '2022-08-22 18:21:07'),
('677', '1', '51', '45', '0', '2022-08-22 18:21:07'),
('678', '1', '51', '46', '0', '2022-08-22 18:21:07'),
('679', '1', '51', '47', '0', '2022-08-22 18:21:07'),
('680', '1', '51', '48', '0', '2022-08-22 18:21:07'),
('681', '1', '51', '49', '0', '2022-08-22 18:21:07'),
('682', '1', '51', '50', '0', '2022-08-22 18:21:07'),
('683', '1', '51', '51', '0', '2022-08-22 18:21:07'),
('684', '1', '51', '52', '0', '2022-08-22 18:21:07'),
('685', '1', '51', '53', '0', '2022-08-22 18:21:07'),
('686', '1', '52', '32', '0', '2022-08-22 18:21:14'),
('687', '1', '52', '33', '0', '2022-08-22 18:21:14'),
('688', '1', '52', '34', '0', '2022-08-22 18:21:14'),
('689', '1', '52', '35', '0', '2022-08-22 18:21:14'),
('690', '1', '52', '36', '0', '2022-08-22 18:21:14'),
('691', '1', '52', '37', '0', '2022-08-22 18:21:14'),
('692', '1', '52', '38', '0', '2022-08-22 18:21:14'),
('693', '1', '52', '39', '0', '2022-08-22 18:21:14'),
('694', '1', '52', '40', '0', '2022-08-22 18:21:14'),
('695', '1', '52', '41', '0', '2022-08-22 18:21:14'),
('696', '1', '52', '42', '0', '2022-08-22 18:21:14'),
('697', '1', '52', '43', '0', '2022-08-22 18:21:14'),
('698', '1', '52', '44', '0', '2022-08-22 18:21:14'),
('699', '1', '52', '45', '0', '2022-08-22 18:21:14'),
('700', '1', '52', '46', '0', '2022-08-22 18:21:14'),
('701', '1', '52', '47', '0', '2022-08-22 18:21:14'),
('702', '1', '52', '48', '0', '2022-08-22 18:21:14'),
('703', '1', '52', '49', '0', '2022-08-22 18:21:14'),
('704', '1', '52', '50', '0', '2022-08-22 18:21:14'),
('705', '1', '52', '51', '0', '2022-08-22 18:21:14'),
('706', '1', '52', '52', '0', '2022-08-22 18:21:14'),
('707', '1', '52', '53', '0', '2022-08-22 18:21:14'),
('708', '1', '79', '32', '0', '2022-08-22 18:21:25'),
('709', '1', '79', '33', '0', '2022-08-22 18:21:25'),
('710', '1', '79', '34', '0', '2022-08-22 18:21:25'),
('711', '1', '79', '35', '0', '2022-08-22 18:21:25'),
('712', '1', '79', '36', '0', '2022-08-22 18:21:25'),
('713', '1', '79', '37', '0', '2022-08-22 18:21:25'),
('714', '1', '79', '38', '0', '2022-08-22 18:21:25'),
('715', '1', '79', '39', '0', '2022-08-22 18:21:25'),
('716', '1', '79', '40', '0', '2022-08-22 18:21:25'),
('717', '1', '79', '41', '0', '2022-08-22 18:21:25'),
('718', '1', '79', '42', '0', '2022-08-22 18:21:25'),
('719', '1', '79', '43', '0', '2022-08-22 18:21:25'),
('720', '1', '79', '44', '0', '2022-08-22 18:21:25'),
('721', '1', '79', '45', '0', '2022-08-22 18:21:25'),
('722', '1', '79', '46', '0', '2022-08-22 18:21:25'),
('723', '1', '79', '47', '0', '2022-08-22 18:21:25'),
('724', '1', '79', '48', '0', '2022-08-22 18:21:25'),
('725', '1', '79', '49', '0', '2022-08-22 18:21:25'),
('726', '1', '79', '50', '0', '2022-08-22 18:21:25'),
('727', '1', '79', '51', '0', '2022-08-22 18:21:25'),
('728', '1', '79', '52', '0', '2022-08-22 18:21:25'),
('729', '1', '79', '53', '0', '2022-08-22 18:21:25');

INSERT OR REPLACE INTO "producers" ("id", "created_at") VALUES
('1', '2022-08-22 17:49:26');
INSERT OR REPLACE INTO "scenes" ("id", "photograph_id", "member_id", "color_type_id", "vocal_max", "dance_max", "peformance_max", "center_skill_name", "expected_value", "ssr_plus", "created_at") VALUES
('1', '45', '42', '1', '5059', '2920', '4565', '', '3.68', '1', '2022-08-22 21:55:15'),
('2', '41', '42', '1', '3789', '3811', '4872', '', '2.75', '1', '2022-08-22 21:55:15'),
('3', '3', '10', '1', '4006', '4578', '3845', '', '3.68', '1', '2022-08-22 21:55:15'),
('4', '22', '46', '1', '4218', '2020', '4484', 'VoPe50%', '3.68', '0', '2022-08-22 21:55:15'),
('5', '37', '45', '1', '4552', '1743', '4526', 'VoPe50%', '3.68', '0', '2022-08-22 21:55:15'),
('6', '45', '34', '1', '4259', '4256', '3987', 'ALL35%', '2.46', '1', '2022-08-22 21:55:15'),
('7', '42', '49', '1', '3558', '3858', '4928', '', '2.52', '1', '2022-08-22 21:55:15'),
('8', '2', '9', '1', '3580', '3806', '4966', '', '3.05', '1', '2022-08-22 21:55:15'),
('9', '1', '30', '1', '3783', '4836', '3779', '', '3.68', '1', '2022-08-22 21:55:15'),
('10', '43', '43', '1', '3463', '4900', '3916', '', '2.32', '1', '2022-08-22 21:55:15'),
('11', '46', '43', '1', '4010', '3759', '4670', '', '1.96', '1', '2022-08-22 21:55:15'),
('12', '5', '4', '1', '3787', '4741', '3882', '', '2.75', '1', '2022-08-22 21:55:15'),
('13', '4', '28', '1', '3124', '4470', '4826', '', '2.46', '1', '2022-08-22 21:55:15'),
('14', '36', '23', '1', '6011', '2403', '2251', '', '3.49', '0', '2022-08-22 21:55:15'),
('15', '1', '14', '1', '3705', '3760', '4753', '', '2.12', '1', '2022-08-22 21:55:15'),
('16', '25', '24', '1', '6000', '2458', '2213', '', '3.68', '0', '2022-08-22 21:55:15'),
('17', '45', '42', '1', '4309', '2170', '3815', '', '3.68', '0', '2022-08-22 21:55:15'),
('18', '51', '40', '1', '2273', '2286', '6085', '', '3.68', '0', '2022-08-22 21:55:15'),
('19', '43', '34', '1', '3666', '3837', '4750', '', '1.73', '1', '2022-08-22 21:55:15'),
('20', '6', '18', '1', '3870', '4017', '4619', '', '2.52', '1', '2022-08-22 21:55:15'),
('21', '65', '38', '1', '3174', '3037', '4457', '', '3.68', '0', '2022-08-22 21:55:15'),
('22', '76', '36', '1', '6036', '2408', '2338', '', '3.49', '0', '2022-08-22 21:55:15'),
('23', '40', '46', '1', '4527', '3157', '3160', '', '2.32', '0', '2022-08-22 21:55:15'),
('24', '46', '38', '1', '4625', '3900', '3935', '', '1.63', '1', '2022-08-22 21:55:15'),
('25', '13', '23', '1', '6139', '2314', '2341', 'ALL35%', '2.50', '0', '2022-08-22 21:55:15'),
('26', '52', '6', '1', '2233', '2255', '5902', '', '3.40', '0', '2022-08-22 21:55:15'),
('27', '3', '22', '1', '4698', '3920', '3768', '', '2.34', '1', '2022-08-22 21:55:15'),
('28', '26', '51', '1', '1939', '4289', '4426', 'DaPe50%', '3.68', '0', '2022-08-22 21:55:15'),
('29', '8', '17', '1', '3029', '3138', '4217', '', '3.68', '0', '2022-08-22 21:55:15'),
('30', '13', '46', '1', '3581', '3581', '3624', 'ALL40%', '2.32', '0', '2022-08-22 21:55:15'),
('31', '2', '11', '1', '4272', '4145', '3988', 'ALL35%', '2.46', '1', '2022-08-22 21:55:15'),
('32', '7', '9', '1', '2829', '3108', '4351', '', '3.68', '0', '2022-08-22 21:55:15'),
('33', '42', '39', '1', '3453', '4826', '4044', '', '2.52', '1', '2022-08-22 21:55:15'),
('34', '44', '37', '1', '3438', '3460', '5154', '', '2.12', '1', '2022-08-22 21:55:15'),
('35', '3', '15', '1', '4720', '3747', '3824', '', '2.52', '1', '2022-08-22 21:55:15'),
('36', '59', '43', '1', '3138', '3215', '4232', '', '2.52', '0', '2022-08-22 21:55:15'),
('37', '34', '14', '1', '2344', '6037', '2285', '', '3.68', '0', '2022-08-22 21:55:15'),
('38', '50', '37', '1', '2229', '5908', '2250', '', '3.40', '0', '2022-08-22 21:55:15'),
('39', '34', '27', '1', '2324', '2362', '5973', '', '2.32', '0', '2022-08-22 21:55:15'),
('40', '3', '10', '1', '3256', '3828', '3095', '', '3.68', '0', '2022-08-22 21:55:15'),
('41', '35', '34', '1', '3612', '3641', '3503', 'ALL35%', '2.52', '0', '2022-08-22 21:55:15'),
('42', '37', '14', '1', '3130', '3139', '4435', '', '2.52', '0', '2022-08-22 21:55:15'),
('43', '59', '46', '1', '1647', '4453', '4457', '', '2.46', '0', '2022-08-22 21:55:15'),
('44', '6', '27', '1', '4526', '3845', '4058', '', '0.57', '1', '2022-08-22 21:55:15'),
('45', '15', '12', '1', '3663', '3727', '2901', '', '3.68', '0', '2022-08-22 21:55:15'),
('46', '57', '48', '1', '4155', '2191', '4252', 'VoPe50%', '2.52', '0', '2022-08-22 21:55:15'),
('47', '13', '47', '1', '3570', '3462', '3670', '', '2.32', '0', '2022-08-22 21:55:15'),
('48', '21', '3', '1', '4149', '2315', '4187', 'VoPe50%', '2.46', '0', '2022-08-22 21:55:15'),
('49', '35', '24', '1', '3605', '3599', '3555', 'ALL35%', '2.52', '0', '2022-08-22 21:55:15'),
('50', '35', '39', '1', '1742', '4566', '4448', 'DaPe50%', '3.68', '0', '2022-08-22 21:55:15'),
('51', '6', '24', '1', '3791', '4752', '3899', '', '0.55', '1', '2022-08-22 21:55:15'),
('52', '27', '13', '1', '3489', '3479', '3688', 'ALL35%', '3.68', '0', '2022-08-22 21:55:15'),
('53', '22', '42', '1', '2863', '4617', '3066', '', '2.32', '0', '2022-08-22 21:55:15'),
('54', '31', '2', '1', '5995', '2390', '2275', '', '3.68', '0', '2022-08-22 21:55:15'),
('55', '22', '16', '1', '2405', '6044', '2272', '', '3.40', '0', '2022-08-22 21:55:15'),
('56', '39', '25', '1', '2379', '6069', '2327', '', '3.40', '0', '2022-08-22 21:55:15'),
('57', '46', '47', '1', '4751', '3987', '3693', '', '0.26', '1', '2022-08-22 21:55:15'),
('58', '73', '42', '1', '3088', '3132', '4383', '', '1.63', '0', '2022-08-22 21:55:15'),
('59', '36', '27', '1', '2009', '4334', '4260', 'DaPe50%', '2.46', '0', '2022-08-22 21:55:15'),
('60', '70', '43', '1', '3089', '4455', '3030', '', '2.32', '0', '2022-08-22 21:55:15'),
('61', '42', '49', '1', '2808', '3108', '4178', '', '2.52', '0', '2022-08-22 21:55:15'),
('62', '49', '35', '1', '2987', '3004', '4323', '', '3.68', '0', '2022-08-22 21:55:15'),
('63', '19', '26', '1', '4259', '2026', '4274', '', '2.52', '0', '2022-08-22 21:55:15'),
('64', '57', '36', '1', '4577', '1979', '3894', '', '2.46', '0', '2022-08-22 21:55:15'),
('65', '43', '47', '1', '3578', '4797', '3919', '', '0.40', '1', '2022-08-22 21:55:15'),
('66', '13', '36', '1', '4075', '3359', '3359', '全色Pe90%', '2.46', '0', '2022-08-22 21:55:15'),
('67', '63', '45', '1', '4255', '3002', '3323', '', '1.73', '0', '2022-08-22 21:55:15'),
('68', '38', '28', '1', '3481', '3502', '3611', 'ALL35%', '2.46', '0', '2022-08-22 21:55:15'),
('69', '13', '22', '1', '2312', '2232', '6249', '全色Pe90%', '2.46', '0', '2022-08-22 21:55:15'),
('70', '1', '7', '1', '4799', '3810', '3817', '', '0.78', '1', '2022-08-22 21:55:15'),
('71', '2', '4', '1', '3877', '4461', '3842', '', '0.68', '1', '2022-08-22 21:55:15'),
('72', '40', '53', '1', '4556', '1713', '4601', 'VoPe50%', '3.68', '0', '2022-08-22 21:55:15'),
('73', '45', '34', '1', '3509', '3506', '3237', 'ALL35%', '2.46', '0', '2022-08-22 21:55:15'),
('74', '58', '45', '1', '3160', '3104', '4217', '', '1.73', '0', '2022-08-22 21:55:15'),
('75', '11', '31', '1', '2268', '2229', '5895', '', '2.52', '0', '2022-08-22 21:55:15'),
('76', '10', '20', '1', '2237', '2249', '5909', '', '3.40', '0', '2022-08-22 21:55:15'),
('77', '17', '41', '1', '3156', '3207', '4093', '', '2.32', '0', '2022-08-22 21:55:15'),
('78', '1', '30', '1', '3033', '4086', '3029', '', '3.68', '0', '2022-08-22 21:55:15'),
('79', '74', '42', '1', '3046', '4370', '3077', '', '1.73', '0', '2022-08-22 21:55:15'),
('80', '28', '47', '1', '3074', '3068', '4376', '', '1.73', '0', '2022-08-22 21:55:15'),
('81', '41', '38', '1', '3630', '4234', '4224', '', '0.67', '1', '2022-08-22 21:55:15'),
('82', '48', '41', '1', '3412', '3452', '3436', 'ALL35%', '2.52', '0', '2022-08-22 21:55:15'),
('83', '63', '51', '1', '3029', '4346', '3112', '', '2.46', '0', '2022-08-22 21:55:15'),
('84', '25', '25', '1', '2985', '4492', '3080', '', '2.52', '0', '2022-08-22 21:55:15'),
('85', '43', '43', '1', '2713', '4150', '3166', '', '2.32', '0', '2022-08-22 21:55:15'),
('86', '32', '1', '1', '2324', '6013', '2326', '', '3.68', '0', '2022-08-22 21:55:15'),
('87', '23', '23', '1', '3993', '4008', '2552', 'VoDa50%', '1.73', '0', '2022-08-22 21:55:15'),
('88', '62', '33', '1', '2968', '3017', '4582', '', '2.46', '0', '2022-08-22 21:55:15'),
('89', '13', '37', '1', '3560', '3554', '3594', '全色ALL40%', '2.32', '0', '2022-08-22 21:55:15'),
('90', '21', '8', '1', '4079', '3486', '2992', '', '1.63', '0', '2022-08-22 21:55:15'),
('91', '19', '7', '1', '4259', '2994', '3310', 'ALL35%', '2.32', '0', '2022-08-22 21:55:15'),
('92', '3', '17', '1', '4733', '3779', '3788', '', '0.26', '1', '2022-08-22 21:55:15'),
('93', '39', '1', '1', '3147', '3171', '4401', '', '2.52', '0', '2022-08-22 21:55:15'),
('94', '1', '1', '1', '4771', '3698', '3822', '', '0.78', '1', '2022-08-22 21:55:15'),
('95', '30', '26', '1', '3264', '3305', '3859', '', '2.52', '0', '2022-08-22 21:55:15'),
('96', '4', '28', '1', '2374', '3720', '4076', '', '2.46', '0', '2022-08-22 21:55:15'),
('97', '26', '4', '1', '4327', '3068', '3185', '', '1.63', '0', '2022-08-22 21:55:15'),
('98', '68', '36', '1', '4455', '4513', '1685', 'VoDa50%', '2.46', '0', '2022-08-22 21:55:15'),
('99', '3', '31', '1', '3672', '3625', '4958', '', '0.52', '1', '2022-08-22 21:55:15'),
('100', '22', '1', '1', '3380', '3556', '3774', 'ALL35%', '2.52', '0', '2022-08-22 21:55:15'),
('101', '32', '50', '1', '3110', '3116', '4333', '', '2.46', '0', '2022-08-22 21:55:15'),
('102', '33', '26', '1', '3503', '3486', '3566', '', '2.32', '0', '2022-08-22 21:55:15'),
('103', '2', '9', '1', '2830', '3056', '4216', '', '2.32', '0', '2022-08-22 21:55:15'),
('104', '76', '38', '1', '3568', '3591', '3536', 'ALL35%', '1.73', '0', '2022-08-22 21:55:15'),
('105', '28', '16', '1', '3075', '3112', '4384', '', '1.63', '0', '2022-08-22 21:55:15'),
('106', '62', '6', '1', '3064', '3246', '4258', '', '1.63', '0', '2022-08-22 21:55:15'),
('107', '3', '26', '1', '3508', '5016', '3790', '', '0.69', '1', '2022-08-22 21:55:15'),
('108', '15', '16', '1', '3038', '4248', '2996', '', '2.32', '0', '2022-08-22 21:55:15'),
('109', '11', '24', '1', '4308', '3002', '3018', '', '1.73', '0', '2022-08-22 21:55:15'),
('110', '2', '18', '1', '3817', '3903', '4477', 'ALL35%', '0.30', '1', '2022-08-22 21:55:15'),
('111', '65', '50', '1', '4275', '2994', '3284', '', '2.32', '0', '2022-08-22 21:55:15'),
('112', '42', '37', '1', '3849', '4455', '3877', '', '0.57', '1', '2022-08-22 21:55:15'),
('113', '15', '14', '1', '3670', '3720', '2900', '', '1.73', '0', '2022-08-22 21:55:15'),
('114', '52', '39', '1', '3005', '3018', '4312', '', '2.46', '0', '2022-08-22 21:55:15'),
('115', '28', '35', '1', '3516', '3519', '3525', 'ALL35%', '2.32', '0', '2022-08-22 21:55:15'),
('116', '12', '10', '1', '2252', '5878', '2267', 'Da85％', '2.52', '0', '2022-08-22 21:55:15'),
('117', '6', '18', '1', '3120', '3267', '3869', '', '2.52', '0', '2022-08-22 21:55:15'),
('118', '32', '25', '1', '4318', '4338', '1942', '', '1.73', '0', '2022-08-22 21:55:15'),
('119', '22', '12', '1', '4006', '3990', '2598', 'VoDa50%', '1.73', '0', '2022-08-22 21:55:15'),
('120', '47', '40', '1', '4162', '2275', '3845', 'VoPe50%', '1.73', '0', '2022-08-22 21:55:15'),
('121', '55', '40', '1', '2973', '4130', '2939', '', '2.32', '0', '2022-08-22 21:55:15'),
('122', '58', '51', '1', '3251', '4364', '2930', '', '1.63', '0', '2022-08-22 21:55:15'),
('123', '27', '9', '1', '3123', '4320', '3121', '', '1.63', '0', '2022-08-22 21:55:15'),
('124', '13', '54', '1', '3595', '3574', '3618', '全色ALL40%', '2.52', '0', '2022-08-22 21:55:15'),
('125', '72', '6', '1', '3009', '4325', '3135', '', '1.63', '0', '2022-08-22 21:55:15'),
('126', '26', '52', '1', '3116', '3087', '4392', '', '2.52', '0', '2022-08-22 21:55:15'),
('127', '13', '19', '1', '3565', '3568', '3650', 'ALL40%', '2.32', '0', '2022-08-22 21:55:15'),
('128', '73', '44', '1', '3585', '3609', '3480', 'ALL35%', '2.52', '0', '2022-08-22 21:55:15'),
('129', '16', '21', '1', '3435', '3468', '3637', '', '2.52', '0', '2022-08-22 21:55:15'),
('130', '17', '35', '1', '4413', '3160', '2928', '', '1.73', '0', '2022-08-22 21:55:15'),
('131', '27', '1', '1', '3089', '3049', '4414', '', '1.73', '0', '2022-08-22 21:55:15'),
('132', '2', '11', '1', '3522', '3395', '3238', 'ALL35%', '2.46', '0', '2022-08-22 21:55:15'),
('133', '42', '39', '1', '2703', '4076', '3294', '', '2.52', '0', '2022-08-22 21:55:15'),
('134', '3', '15', '1', '3970', '2997', '3074', '', '2.52', '0', '2022-08-22 21:55:15'),
('135', '36', '55', '1', '3544', '3585', '3468', 'ALL35%', '2.32', '0', '2022-08-22 21:55:15'),
('136', '28', '20', '1', '3108', '4381', '3064', '2.25倍', '2.52', '0', '2022-08-22 21:55:15'),
('137', '60', '50', '1', '3288', '4041', '3218', '', '1.63', '0', '2022-08-22 21:55:15'),
('138', '68', '44', '1', '5912', '2358', '2293', 'Vo85%', '1.63', '0', '2022-08-22 21:55:15'),
('139', '9', '56', '1', '1920', '4173', '4214', 'DaPe50%', '2.46', '0', '2022-08-22 21:55:15'),
('140', '7', '19', '1', '3025', '2951', '4287', '', '1.73', '0', '2022-08-22 21:55:15'),
('141', '8', '54', '1', '3016', '3005', '4283', '', '1.63', '0', '2022-08-22 21:55:15'),
('142', '54', '42', '1', '3036', '3087', '4169', 'ALL35%', '1.63', '0', '2022-08-22 21:55:15'),
('143', '48', '53', '1', '3184', '3876', '3199', '', '1.63', '0', '2022-08-22 21:55:15'),
('144', '46', '38', '1', '3875', '3150', '3185', '', '1.63', '0', '2022-08-22 21:55:15'),
('145', '17', '17', '1', '4234', '3143', '2801', '', '1.63', '0', '2022-08-22 21:55:15'),
('146', '43', '34', '1', '2916', '3087', '4000', '', '1.73', '0', '2022-08-22 21:55:15'),
('147', '14', '27', '1', '2953', '2994', '4043', 'ALL35%', '1.73', '0', '2022-08-22 21:55:15'),
('148', '1', '14', '1', '2955', '3010', '4003', '', '1.63', '0', '2022-08-22 21:55:15'),
('149', '44', '37', '1', '2688', '2710', '4404', '', '1.63', '0', '2022-08-22 21:55:15'),
('150', '6', '14', '2', '4776', '3883', '3842', '', '3.68', '1', '2022-08-22 21:55:15'),
('151', '6', '4', '2', '4698', '4857', '2958', 'VoDa50%', '3.14', '1', '2022-08-22 21:55:15'),
('152', '42', '46', '2', '3979', '4618', '3728', '', '2.45', '1', '2022-08-22 21:55:15'),
('153', '45', '43', '2', '3775', '4775', '3905', '', '2.45', '1', '2022-08-22 21:55:15'),
('154', '45', '51', '2', '4009', '3952', '4503', '', '3.05', '1', '2022-08-22 21:55:15'),
('155', '6', '3', '2', '3821', '4697', '3951', '', '2.75', '1', '2022-08-22 21:55:15'),
('156', '28', '42', '2', '2350', '5979', '2312', 'Da85%', '3.4', '0', '2022-08-22 21:55:15'),
('157', '41', '34', '2', '3666', '4735', '3729', '', '2.46', '1', '2022-08-22 21:55:15'),
('158', '2', '8', '2', '4611', '3801', '3942', '', '2.12', '1', '2022-08-22 21:55:15'),
('159', '43', '49', '2', '3566', '3635', '5106', '', '2.22', '1', '2022-08-22 21:55:15'),
('160', '41', '49', '2', '4289', '4245', '3804', '', '1.73', '1', '2022-08-22 21:55:15'),
('161', '43', '48', '2', '4055', '3968', '4300', 'All35%', '1.63', '1', '2022-08-22 21:55:15'),
('162', '46', '45', '2', '4516', '3860', '3999', '', '0.52', '1', '2022-08-22 21:55:15'),
('163', '40', '40', '2', '2356', '2389', '6132', 'Pe85%', '3.49', '0', '2022-08-22 21:55:15'),
('164', '47', '49', '2', '3086', '4264', '2919', '', '2.52', '0', '2022-08-22 21:55:15'),
('165', '6', '4', '2', '3948', '4107', '2208', 'VoDa50%', '2.46', '0', '2022-08-22 21:55:15'),
('166', '3', '16', '2', '5006', '3714', '3496', '', '0.57', '1', '2022-08-22 21:55:15'),
('167', '1', '17', '2', '3780', '3821', '4890', '', '0.68', '1', '2022-08-22 21:55:15'),
('168', '2', '22', '2', '3649', '3501', '5146', '', '1.73', '1', '2022-08-22 21:55:15'),
('169', '42', '40', '2', '3763', '3884', '4676', '', '0.67', '1', '2022-08-22 21:55:15'),
('170', '41', '34', '2', '2916', '3985', '2979', '', '2.46', '0', '2022-08-22 21:55:15'),
('171', '1', '18', '2', '3748', '4823', '3795', '', '0.67', '1', '2022-08-22 21:55:15'),
('172', '45', '51', '2', '3259', '3202', '3753', '', '2.32', '0', '2022-08-22 21:55:15'),
('173', '2', '30', '2', '4637', '3713', '3922', '', '0.67', '1', '2022-08-22 21:55:15'),
('174', '41', '49', '2', '3539', '3495', '3054', '', '1.73', '0', '2022-08-22 21:55:15'),
('175', '6', '14', '2', '4026', '3133', '3092', '', '1.63', '0', '2022-08-22 21:55:15'),
('176', '43', '32', '2', '4559', '3745', '4049', '', '0.3', '1', '2022-08-22 21:55:15'),
('177', '2', '8', '2', '3861', '3051', '3192', '', '1.63', '0', '2022-08-22 21:55:15'),
('178', '43', '49', '2', '2816', '2885', '4356', '', '1.73', '0', '2022-08-22 21:55:15'),
('179', '43', '48', '2', '3305', '3218', '3550', 'All35%', '1.63', '0', '2022-08-22 21:55:15'),
('180', '1', '15', '2', '4162', '4195', '3738', 'All35%', '0.3', '1', '2022-08-22 21:55:15'),
('181', '2', '22', '2', '2899', '2751', '4396', '', '1.73', '0', '2022-08-22 21:55:15'),
('182', '2', '25', '2', '3819', '4943', '3627', '', '3.68', '1', '2022-08-22 21:55:15'),
('183', '5', '22', '2', '2828', '4294', '5424', '', '3.68', '1', '2022-08-22 21:55:15'),
('184', '31', '23', '2', '2326', '6039', '2294', '', '3.4', '0', '2022-08-22 21:55:15'),
('185', '1', '24', '2', '4736', '3713', '3825', '', '2.32', '1', '2022-08-22 21:55:15'),
('186', '12', '16', '2', '2277', '6038', '2334', '', '3.68', '0', '2022-08-22 21:55:15'),
('187', '35', '17', '2', '2355', '6103', '2299', '', '3.4', '0', '2022-08-22 21:55:15'),
('188', '9', '24', '2', '2270', '5864', '2251', '', '3.68', '0', '2022-08-22 21:55:15'),
('189', '73', '38', '2', '6007', '2380', '2286', '', '3.49', '0', '2022-08-22 21:55:15'),
('190', '37', '4', '2', '3591', '3648', '3578', 'All35%', '3.49', '0', '2022-08-22 21:55:15'),
('191', '60', '6', '2', '3311', '4137', '3092', '', '3.68', '0', '2022-08-22 21:55:15'),
('192', '22', '8', '2', '4383', '1764', '4542', 'VoPe50%', '3.68', '0', '2022-08-22 21:55:15'),
('193', '44', '35', '2', '3959', '4205', '4266', 'All35%', '2.46', '1', '2022-08-22 21:55:15'),
('194', '46', '41', '2', '2865', '4581', '4956', 'DaPe50%', '2.04', '1', '2022-08-22 21:55:15'),
('195', '4', '26', '2', '2780', '4392', '5215', '', '2.52', '1', '2022-08-22 21:55:15'),
('196', '2', '7', '2', '3524', '3744', '5078', '', '2.52', '1', '2022-08-22 21:55:15'),
('197', '25', '28', '2', '4500', '3065', '3100', '', '3.4', '0', '2022-08-22 21:55:15'),
('198', '17', '42', '2', '3283', '4480', '2685', '', '2.52', '0', '2022-08-22 21:55:15'),
('199', '70', '45', '2', '5990', '2378', '2290', '', '2.46', '0', '2022-08-22 21:55:15'),
('200', '5', '14', '2', '3791', '4625', '3984', '', '1.09', '1', '2022-08-22 21:55:15'),
('201', '59', '46', '2', '2890', '4379', '3183', '', '2.46', '0', '2022-08-22 21:55:15'),
('202', '37', '33', '2', '2356', '6089', '2288', 'Da85%', '3.40', '0', '2022-08-22 21:55:15'),
('203', '2', '25', '2', '3069', '4193', '2877', '', '3.68', '0', '2022-08-22 21:55:15'),
('204', '32', '43', '2', '2331', '2357', '5972', '', '3.40', '0', '2022-08-22 21:55:15'),
('205', '51', '36', '2', '2255', '5900', '2239', '', '3.40', '0', '2022-08-22 21:55:15'),
('206', '33', '16', '2', '4408', '4411', '1761', 'VoDa50%', '2.52', '0', '2022-08-22 21:55:15'),
('207', '36', '16', '2', '6019', '2407', '2252', '', '2.52', '0', '2022-08-22 21:55:15'),
('208', '62', '43', '2', '4318', '3134', '3093', '', '2.32', '0', '2022-08-22 21:55:15'),
('209', '3', '8', '2', '4086', '4030', '4279', 'All35%', '0.78', '1', '2022-08-22 21:55:15'),
('210', '68', '45', '2', '4403', '3159', '3028', '', '2.32', '0', '2022-08-22 21:55:15'),
('211', '26', '47', '2', '2219', '2389', '6047', '', '3.40', '0', '2022-08-22 21:55:15'),
('212', '22', '45', '2', '3459', '3524', '3579', 'All35%', '2.52', '0', '2022-08-22 21:55:15'),
('213', '73', '43', '2', '4315', '2022', '4271', 'VoPe50%', '2.46', '0', '2022-08-22 21:55:15'),
('214', '55', '47', '2', '3420', '3614', '3505', '2.25倍', '2.52', '0', '2022-08-22 21:55:15'),
('215', '7', '23', '2', '4383', '3123', '2762', '', '2.46', '0', '2022-08-22 21:55:15'),
('216', '51', '6', '2', '5915', '2272', '2205', '', '2.52', '0', '2022-08-22 21:55:15'),
('217', '72', '45', '2', '3489', '3533', '3531', 'All35%', '2.32', '0', '2022-08-22 21:55:15'),
('218', '28', '12', '2', '5940', '2326', '2352', '', '2.52', '0', '2022-08-22 21:55:15'),
('219', '46', '37', '2', '4822', '4654', '3047', 'VoDa50%', '0.78', '1', '2022-08-22 21:55:15'),
('220', '4', '11', '2', '3521', '5089', '3781', '', '1.63', '1', '2022-08-22 21:55:15'),
('221', '13', '17', '2', '3353', '4072', '3356', '全色Da90％', '2.46', '0', '2022-08-22 21:55:15'),
('222', '21', '28', '2', '3114', '4603', '2949', '', '2.52', '0', '2022-08-22 21:55:15'),
('223', '68', '6', '2', '3094', '4422', '3050', '', '2.46', '0', '2022-08-22 21:55:15'),
('224', '50', '41', '2', '2270', '5919', '2207', 'Da85%', '2.46', '0', '2022-08-22 21:55:15'),
('225', '49', '48', '2', '4178', '4189', '1917', 'VoDa50%', '2.46', '0', '2022-08-22 21:55:15'),
('226', '28', '43', '2', '3059', '3062', '4427', '', '2.32', '0', '2022-08-22 21:55:15'),
('227', '57', '45', '2', '2323', '3449', '4890', '', '2.46', '0', '2022-08-22 21:55:15'),
('228', '11', '12', '2', '4216', '4222', '1898', 'VoDa50%', '2.52', '0', '2022-08-22 21:55:15'),
('229', '29', '51', '2', '4328', '3088', '3028', '', '2.52', '0', '2022-08-22 21:55:15'),
('230', '35', '12', '2', '3613', '3645', '3499', 'All35%', '2.52', '0', '2022-08-22 21:55:15'),
('231', '60', '43', '2', '3036', '4585', '2932', '', '1.73', '0', '2022-08-22 21:55:15'),
('232', '70', '42', '2', '3539', '3574', '3475', 'All35%', '1.63', '0', '2022-08-22 21:55:15'),
('233', '42', '36', '2', '4332', '4012', '3918', '', '0.95', '1', '2022-08-22 21:55:15'),
('234', '13', '25', '2', '3638', '3602', '3464', '全色All40%', '2.32', '0', '2022-08-22 21:55:15'),
('235', '13', '39', '2', '6005', '2440', '2345', '全色Vo90%', '2.46', '0', '2022-08-22 21:55:15'),
('236', '18', '10', '2', '2095', '4382', '4118', 'DaPe50%', '2.52', '0', '2022-08-22 21:55:15'),
('237', '13', '34', '2', '2463', '2432', '5898', '全色Pe90%', '2.5', '0', '2022-08-22 21:55:15'),
('238', '62', '40', '2', '3025', '4421', '3127', '', '2.32', '0', '2022-08-22 21:55:15'),
('239', '18', '9', '2', '2100', '4663', '3732', '', '2.52', '0', '2022-08-22 21:55:15'),
('240', '21', '27', '2', '2924', '3052', '4567', '', '2.32', '0', '2022-08-22 21:55:15'),
('241', '13', '14', '2', '2370', '2364', '6047', '全色Pe90%', '2.5', '0', '2022-08-22 21:55:15'),
('242', '19', '23', '2', '3066', '4303', '3177', '', '1.63', '0', '2022-08-22 21:55:15'),
('243', '26', '27', '2', '2996', '4339', '3256', '', '1.63', '0', '2022-08-22 21:55:15'),
('244', '5', '22', '2', '2078', '3544', '4674', '', '3.68', '0', '2022-08-22 21:55:15'),
('245', '23', '25', '2', '3043', '3064', '4377', '', '2.52', '0', '2022-08-22 21:55:15'),
('246', '32', '31', '2', '4378', '3095', '3074', '', '2.46', '0', '2022-08-22 21:55:15'),
('247', '47', '44', '2', '4111', '3102', '3081', '', '3.68', '0', '2022-08-22 21:55:15'),
('248', '54', '47', '2', '4208', '3081', '3007', '', '1.73', '0', '2022-08-22 21:55:15'),
('249', '10', '8', '2', '2986', '4297', '3025', '', '1.73', '0', '2022-08-22 21:55:15'),
('250', '1', '24', '2', '3986', '2963', '3075', '', '2.32', '0', '2022-08-22 21:55:15'),
('251', '13', '31', '2', '4492', '1744', '4548', 'VoPe55%', '2.52', '0', '2022-08-22 21:55:15'),
('252', '13', '26', '2', '4438', '1799', '4517', '全色VoPe55%', '2.52', '0', '2022-08-22 21:55:15'),
('253', '17', '31', '2', '4458', '2996', '3050', '', '2.32', '0', '2022-08-22 21:55:15'),
('254', '34', '10', '2', '4427', '3141', '3018', '', '1.63', '0', '2022-08-22 21:55:15'),
('255', '26', '41', '2', '3149', '4513', '2907', '', '1.73', '0', '2022-08-22 21:55:15'),
('256', '50', '50', '2', '2239', '2265', '5893', '', '3.68', '0', '2022-08-22 21:55:15'),
('257', '35', '48', '2', '2362', '2371', '6024', '', '2.52', '0', '2022-08-22 21:55:15'),
('258', '13', '38', '2', '2358', '2399', '6027', '', '2.46', '0', '2022-08-22 21:55:15'),
('259', '47', '38', '2', '3033', '3027', '4203', '', '2.46', '0', '2022-08-22 21:55:15'),
('260', '58', '36', '2', '2977', '3021', '4526', '', '2.52', '0', '2022-08-22 21:55:15'),
('261', '68', '39', '2', '4382', '3098', '3074', '', '2.32', '0', '2022-08-22 21:55:15'),
('262', '25', '26', '2', '3020', '3190', '4349', '', '2.52', '0', '2022-08-22 21:55:15'),
('263', '54', '41', '2', '3040', '3092', '4167', '', '2.32', '0', '2022-08-22 21:55:15'),
('264', '54', '37', '2', '3037', '4260', '2995', 'All35%', '2.32', '0', '2022-08-22 21:55:15'),
('265', '49', '50', '2', '4298', '3009', '3013', '', '2.52', '0', '2022-08-22 21:55:15'),
('266', '1', '26', '2', '3691', '3808', '4778', '', '0.52', '1', '2022-08-22 21:55:15'),
('267', '27', '31', '2', '4052', '4130', '2394', 'VoDA50%', '1.73', '0', '2022-08-22 21:55:15'),
('268', '7', '17', '2', '4392', '3141', '2733', '', '1.73', '0', '2022-08-22 21:55:15'),
('269', '24', '16', '2', '4365', '3044', '2967', '', '1.63', '0', '2022-08-22 21:55:15'),
('270', '23', '13', '2', '4044', '3280', '3257', '', '2.46', '0', '2022-08-22 21:55:15'),
('271', '26', '37', '2', '2995', '3156', '4422', '', '2.32', '0', '2022-08-22 21:55:15'),
('272', '37', '17', '2', '4348', '2056', '4292', 'VoPe50%', '1.63', '0', '2022-08-22 21:55:15'),
('273', '20', '12', '2', '2910', '4225', '3341', '', '1.73', '0', '2022-08-22 21:55:15'),
('274', '1', '13', '2', '3757', '4317', '4256', '', '0.57', '1', '2022-08-22 21:55:15'),
('275', '12', '31', '2', '4246', '1889', '4192', 'VoPe50%', '2.46', '0', '2022-08-22 21:55:15'),
('276', '65', '48', '2', '3233', '3216', '4128', '', '1.63', '0', '2022-08-22 21:55:15'),
('277', '32', '20', '2', '5901', '2370', '2299', '', '2.32', '0', '2022-08-22 21:55:15'),
('278', '76', '52', '2', '2389', '2421', '5970', '', '3.40', '0', '2022-08-22 21:55:15'),
('279', '17', '16', '2', '3151', '3004', '4307', '', '1.73', '0', '2022-08-22 21:55:15'),
('280', '19', '1', '2', '2241', '4135', '4151', '', '2.46', '0', '2022-08-22 21:55:15'),
('281', '37', '39', '2', '3104', '4491', '3100', '', '1.73', '0', '2022-08-22 21:55:15'),
('282', '44', '35', '2', '3209', '3455', '3516', 'All35%', '2.46', '0', '2022-08-22 21:55:15'),
('283', '9', '55', '2', '5872', '2243', '2212', 'Vo85%', '2.52', '0', '2022-08-22 21:55:15'),
('284', '36', '12', '2', '4293', '2031', '4275', 'VoPe50%', '1.63', '0', '2022-08-22 21:55:15'),
('285', '39', '2', '2', '4426', '3148', '3118', '', '2.32', '0', '2022-08-22 21:55:15'),
('286', '4', '26', '2', '2030', '3642', '4465', '', '2.52', '0', '2022-08-22 21:55:15'),
('287', '52', '36', '2', '4307', '3030', '2992', '', '1.63', '0', '2022-08-22 21:55:15'),
('288', '2', '7', '2', '2774', '2994', '4328', '', '2.52', '0', '2022-08-22 21:55:15'),
('289', '28', '54', '2', '3072', '4370', '3121', '', '2.46', '0', '2022-08-22 21:55:15'),
('290', '8', '1', '2', '4048', '2195', '4067', 'VoPe50%', '2.46', '0', '2022-08-22 21:55:15'),
('291', '9', '10', '2', '2970', '3017', '4331', '', '1.63', '0', '2022-08-22 21:55:15'),
('292', '16', '18', '2', '2914', '2831', '4564', '', '2.46', '0', '2022-08-22 21:55:15'),
('293', '11', '9', '2', '2985', '2991', '4349', '', '1.63', '0', '2022-08-22 21:55:15'),
('294', '42', '35', '2', '3908', '3696', '4633', '', '0.16', '1', '2022-08-22 21:55:15'),
('295', '15', '21', '2', '3676', '3725', '2904', '', '2.46', '0', '2022-08-22 21:55:15'),
('296', '59', '39', '2', '3431', '3443', '3690', 'All35%', '1.63', '0', '2022-08-22 21:55:15'),
('297', '65', '53', '2', '3161', '3146', '4248', '', '2.46', '0', '2022-08-22 21:55:15'),
('298', '27', '56', '2', '2997', '3204', '4416', '', '2.46', '0', '2022-08-22 21:55:15'),
('299', '32', '44', '2', '3077', '3132', '4346', '', '2.52', '0', '2022-08-22 21:55:15'),
('300', '10', '54', '2', '4277', '3009', '3005', '', '2.32', '0', '2022-08-22 21:55:15'),
('301', '7', '2', '2', '2878', '4244', '3139', '', '2.32', '0', '2022-08-22 21:55:15'),
('302', '15', '15', '2', '3036', '4255', '2994', '', '1.73', '0', '2022-08-22 21:55:15'),
('303', '13', '2', '2', '2353', '2353', '6079', '全色Pe90%', '2.46', '0', '2022-08-22 21:55:15'),
('304', '4', '11', '2', '2771', '4339', '3031', '', '1.63', '0', '2022-08-22 21:55:15'),
('305', '48', '52', '2', '2980', '2980', '4327', '', '1.63', '0', '2022-08-22 21:55:15'),
('306', '44', '42', '3', '4715', '4344', '3356', '', '2.52', '1', '2022-08-22 21:55:15'),
('307', '43', '46', '3', '4993', '3548', '3768', '', '2.46', '1', '2022-08-22 21:55:15'),
('308', '46', '33', '3', '3843', '4648', '4025', '', '3.68', '1', '2022-08-22 21:55:15'),
('309', '4', '8', '3', '4668', '4794', '2894', 'VoDa50%', '2.46', '1', '2022-08-22 21:55:15'),
('310', '41', '41', '3', '3730', '3713', '4709', '', '3.68', '1', '2022-08-22 21:55:15'),
('311', '5', '27', '3', '3619', '4918', '3976', '', '2.52', '1', '2022-08-22 21:55:15'),
('312', '44', '47', '3', '3691', '3850', '4811', '', '2.75', '1', '2022-08-22 21:55:15'),
('313', '2', '27', '3', '3739', '4410', '4152', '', '2.34', '1', '2022-08-22 21:55:15'),
('314', '5', '24', '3', '4159', '4022', '4324', 'ALL35%', '2.46', '1', '2022-08-22 21:55:15'),
('315', '37', '3', '3', '4560', '4610', '1654', 'VoDa50%', '3.68', '0', '2022-08-22 21:55:15'),
('316', '46', '48', '3', '3940', '3890', '4686', '', '2.52', '1', '2022-08-22 21:55:15'),
('317', '35', '47', '3', '6039', '2410', '2307', '', '3.4', '0', '2022-08-22 21:55:15'),
('318', '73', '49', '3', '2347', '6011', '2326', '', '3.4', '0', '2022-08-22 21:55:15'),
('319', '41', '40', '3', '4652', '3784', '3733', '', '2.52', '1', '2022-08-22 21:55:15'),
('320', '47', '43', '3', '3056', '4396', '2842', '', '3.68', '0', '2022-08-22 21:55:15'),
('321', '40', '51', '3', '6109', '2369', '2381', 'Vo85%', '3.4', '0', '2022-08-22 21:55:15'),
('322', '42', '48', '3', '3739', '4684', '3774', '', '2.34', '1', '2022-08-22 21:55:15'),
('323', '46', '46', '3', '3905', '4597', '3944', '', '1.09', '1', '2022-08-22 21:55:15'),
('324', '48', '34', '3', '4352', '3030', '3005', '', '3.68', '0', '2022-08-22 21:55:15'),
('325', '36', '9', '3', '2320', '6028', '2329', 'Da85%', '3.49', '0', '2022-08-22 21:55:15'),
('326', '43', '37', '3', '5028', '3620', '3531', '', '2.5', '1', '2022-08-22 21:55:15'),
('327', '2', '10', '3', '4339', '3910', '3965', '', '2.04', '1', '2022-08-22 21:55:15'),
('328', '43', '6', '3', '4771', '3778', '3791', '', '1.73', '1', '2022-08-22 21:55:15'),
('329', '1', '31', '3', '3664', '4695', '3747', '', '2.52', '1', '2022-08-22 21:55:15'),
('330', '32', '12', '3', '5956', '2359', '2340', '', '3.4', '0', '2022-08-22 21:55:15'),
('331', '72', '42', '3', '5874', '2301', '2346', 'Vo85%', '2.46', '0', '2022-08-22 21:55:15'),
('332', '3', '23', '3', '3489', '5114', '3624', '', '1.09', '1', '2022-08-22 21:55:15'),
('333', '44', '36', '3', '3725', '4530', '4054', '', '1.96', '1', '2022-08-22 21:55:15'),
('334', '65', '37', '3', '3115', '4498', '3049', '', '3.68', '0', '2022-08-22 21:55:15'),
('335', '2', '28', '3', '3950', '4155', '4240', 'ALL35%', '1.63', '1', '2022-08-22 21:55:15'),
('336', '50', '46', '3', '4323', '3013', '2973', '', '2.52', '0', '2022-08-22 21:55:15'),
('337', '39', '22', '3', '2336', '6079', '2367', 'Da85%', '3.49', '0', '2022-08-22 21:55:15'),
('338', '13', '24', '3', '2446', '6158', '2186', '全色Da90%', '2.5', '0', '2022-08-22 21:55:15'),
('339', '58', '43', '3', '4205', '3320', '2992', '', '2.46', '0', '2022-08-22 21:55:15'),
('340', '44', '42', '3', '3965', '3594', '2606', '', '2.52', '0', '2022-08-22 21:55:15'),
('341', '5', '1', '3', '3874', '4740', '3857', '', '1.86', '1', '2022-08-22 21:55:15'),
('342', '6', '23', '3', '3906', '4042', '4511', '', '0.78', '1', '2022-08-22 21:55:15'),
('343', '17', '23', '3', '4445', '3333', '2685', '', '2.52', '0', '2022-08-22 21:55:15'),
('344', '26', '49', '3', '4523', '3029', '3004', '', '2.52', '0', '2022-08-22 21:55:15'),
('345', '22', '36', '3', '1591', '4593', '4533', 'DaPe50%', '3.68', '0', '2022-08-22 21:55:15'),
('346', '13', '16', '3', '2401', '5997', '2384', '', '2.46', '0', '2022-08-22 21:55:15'),
('347', '68', '34', '3', '3583', '3612', '3467', 'ALL35%', '2.52', '0', '2022-08-22 21:55:15'),
('348', '22', '14', '3', '4684', '2890', '3054', '', '2.46', '0', '2022-08-22 21:55:15'),
('349', '28', '45', '3', '3544', '3481', '3555', 'ALL35%', '2.52', '0', '2022-08-22 21:55:15'),
('350', '43', '46', '3', '4243', '2798', '3018', '', '2.46', '0', '2022-08-22 21:55:15'),
('351', '6', '16', '3', '3879', '3996', '4517', '', '1.09', '1', '2022-08-22 21:55:15'),
('352', '32', '42', '3', '5906', '2369', '2302', '', '1.63', '0', '2022-08-22 21:55:15'),
('353', '13', '8', '3', '3580', '3580', '3539', '全色ALL40%', '2.32', '0', '2022-08-22 21:55:15'),
('354', '27', '4', '3', '3165', '4461', '2980', '', '2.46', '0', '2022-08-22 21:55:15'),
('355', '46', '33', '3', '3093', '3898', '3275', '', '3.68', '0', '2022-08-22 21:55:15'),
('356', '13', '33', '3', '4518', '4500', '1764', 'VoDa55%', '2.52', '0', '2022-08-22 21:55:15'),
('357', '54', '38', '3', '4756', '3638', '2055', '', '2.46', '0', '2022-08-22 21:55:15'),
('358', '4', '8', '3', '3918', '4044', '2144', 'VoDa50%', '2.46', '0', '2022-08-22 21:55:15'),
('359', '26', '22', '3', '3536', '3586', '3534', 'ALL35%', '3.4', '0', '2022-08-22 21:55:15'),
('360', '46', '6', '3', '4601', '3804', '3966', '', '0.68', '1', '2022-08-22 21:55:15'),
('361', '35', '56', '3', '2369', '6075', '2313', '', '3.49', '0', '2022-08-22 21:55:15'),
('362', '28', '46', '3', '3305', '4022', '3236', '', '1.63', '0', '2022-08-22 21:55:15'),
('363', '5', '27', '3', '2869', '4168', '3226', '', '2.52', '0', '2022-08-22 21:55:15'),
('364', '62', '48', '3', '2351', '2460', '5859', '', '3.4', '0', '2022-08-22 21:55:15'),
('365', '41', '41', '3', '2980', '2963', '3959', '', '3.68', '0', '2022-08-22 21:55:15'),
('366', '32', '48', '3', '3088', '4462', '3040', '', '2.46', '0', '2022-08-22 21:55:15'),
('367', '49', '49', '3', '3410', '3399', '3480', 'ALL35%', '2.46', '0', '2022-08-22 21:55:15'),
('368', '54', '39', '3', '2939', '3726', '3636', 'ALL35%', '3.68', '0', '2022-08-22 21:55:15'),
('369', '35', '27', '3', '2318', '5959', '2308', '', '1.73', '0', '2022-08-22 21:55:15'),
('370', '40', '45', '3', '3148', '4527', '3169', '', '1.63', '0', '2022-08-22 21:55:15'),
('371', '13', '51', '3', '4298', '2282', '4174', '全色VoPe55%', '2.52', '0', '2022-08-22 21:55:15'),
('372', '10', '3', '3', '5910', '2226', '2251', 'Vo85%', '2.46', '0', '2022-08-22 21:55:15'),
('373', '7', '27', '3', '3413', '3370', '3510', 'ALL35%', '2.46', '0', '2022-08-22 21:55:15'),
('374', '18', '7', '3', '3652', '5003', '1950', '', '2.46', '0', '2022-08-22 21:55:15'),
('375', '3', '25', '3', '4355', '3912', '4056', '', '0.67', '1', '2022-08-22 21:55:15'),
('376', '2', '1', '3', '3552', '3789', '4998', '', '1.73', '1', '2022-08-22 21:55:15'),
('377', '34', '55', '3', '2362', '6010', '2297', '', '3.4', '0', '2022-08-22 21:55:15'),
('378', '2', '24', '3', '3828', '4455', '3992', '', '0.52', '1', '2022-08-22 21:55:15'),
('379', '21', '11', '3', '3174', '3261', '4106', '', '3.68', '0', '2022-08-22 21:55:15'),
('380', '59', '34', '3', '2937', '3228', '4386', '', '2.32', '0', '2022-08-22 21:55:15'),
('381', '65', '6', '3', '4125', '2441', '4044', 'VoPe50%', '2.52', '0', '2022-08-22 21:55:15'),
('382', '48', '51', '3', '2981', '4305', '3005', 'Da85%', '2.52', '0', '2022-08-22 21:55:15'),
('383', '54', '51', '3', '3675', '3723', '2907', '', '2.46', '0', '2022-08-22 21:55:15'),
('384', '1', '3', '3', '3705', '4790', '3790', '', '0.57', '1', '2022-08-22 21:55:15'),
('385', '37', '35', '3', '2393', '2407', '6031', '', '3.68', '0', '2022-08-22 21:55:15'),
('386', '9', '17', '3', '4314', '3012', '2974', '', '2.52', '0', '2022-08-22 21:55:15'),
('387', '11', '19', '3', '5911', '2243', '2239', '', '3.4', '0', '2022-08-22 21:55:15'),
('388', '1', '4', '3', '4003', '4037', '4060', '', '0.57', '1', '2022-08-22 21:55:15'),
('389', '13', '28', '3', '4518', '1722', '4544', '全色VoPe55%', '2.5', '0', '2022-08-22 21:55:15'),
('390', '13', '40', '3', '1773', '4399', '4580', '全色DaPe55%', '2.52', '0', '2022-08-22 21:55:15'),
('391', '20', '16', '3', '3466', '3509', '3539', 'ALL35%', '2.32', '0', '2022-08-22 21:55:15'),
('392', '23', '10', '3', '3242', '3345', '3999', '', '2.32', '0', '2022-08-22 21:55:15'),
('393', '31', '14', '3', '3073', '4423', '3069', '', '1.73', '0', '2022-08-22 21:55:15'),
('394', '14', '14', '3', '2956', '4128', '2909', '', '2.32', '0', '2022-08-22 21:55:15'),
('395', '5', '24', '3', '3409', '3272', '3574', 'ALL35%', '2.46', '0', '2022-08-22 21:55:15'),
('396', '52', '48', '3', '4318', '2995', '3021', 'Vo85%', '2.32', '0', '2022-08-22 21:55:15'),
('397', '6', '22', '3', '3922', '3834', '4685', '', '1.09', '1', '2022-08-22 21:55:15'),
('398', '3', '18', '3', '3772', '5111', '3380', '', '0.67', '1', '2022-08-22 21:55:15'),
('399', '60', '49', '3', '3378', '3228', '3945', '', '1.73', '0', '2022-08-22 21:55:15'),
('400', '19', '3', '3', '2331', '4310', '3821', '', '2.32', '0', '2022-08-22 21:55:15'),
('401', '46', '48', '3', '3190', '3140', '3936', '', '2.52', '0', '2022-08-22 21:55:15'),
('402', '16', '25', '3', '3037', '3008', '4369', '', '2.46', '0', '2022-08-22 21:55:15'),
('403', '60', '35', '3', '4461', '3213', '2882', '', '2.46', '0', '2022-08-22 21:55:15'),
('404', '41', '40', '3', '3902', '3034', '2983', '', '2.52', '0', '2022-08-22 21:55:15'),
('405', '39', '11', '3', '4471', '3159', '3076', '', '2.46', '0', '2022-08-22 21:55:15'),
('406', '14', '17', '3', '2935', '3571', '3485', 'ALL35%', '2.46', '0', '2022-08-22 21:55:15'),
('407', '13', '53', '3', '2397', '6020', '2370', '全色Da90%', '2.5', '0', '2022-08-22 21:55:15'),
('408', '41', '35', '3', '3780', '3750', '4815', 'ALL35%', '0.78', '1', '2022-08-22 21:55:15'),
('409', '29', '16', '3', '3056', '4359', '3032', '', '1.63', '0', '2022-08-22 21:55:15'),
('410', '16', '26', '3', '4339', '2977', '2977', '', '2.32', '0', '2022-08-22 21:55:15'),
('411', '13', '44', '3', '2361', '6015', '2405', '全色Da90%', '2.46', '0', '2022-08-22 21:55:15'),
('412', '50', '51', '3', '4288', '2968', '3018', '', '1.73', '0', '2022-08-22 21:55:15'),
('413', '37', '50', '3', '3146', '3140', '4407', '', '2.52', '0', '2022-08-22 21:55:15'),
('414', '54', '36', '3', '3672', '2989', '3637', '', '2.32', '0', '2022-08-22 21:55:15'),
('415', '57', '47', '3', '3069', '2926', '4487', '', '1.63', '0', '2022-08-22 21:55:15'),
('416', '26', '25', '3', '2459', '2271', '5911', 'Pe85%', '2.32', '0', '2022-08-22 21:55:15'),
('417', '19', '9', '3', '2161', '4294', '4106', 'DaPe50%', '1.73', '0', '2022-08-22 21:55:15'),
('418', '6', '1', '3', '3875', '4654', '3860', '', '0.26', '1', '2022-08-22 21:55:15'),
('419', '25', '13', '3', '4441', '4394', '1825', 'VoDa50%', '1.73', '0', '2022-08-22 21:55:15'),
('420', '13', '20', '3', '4086', '3335', '3367', '全色Vo90%', '2.5', '0', '2022-08-22 21:55:15'),
('421', '76', '44', '3', '3111', '4476', '3130', '', '2.52', '0', '2022-08-22 21:55:15'),
('422', '43', '6', '3', '4021', '3028', '3041', '', '1.73', '0', '2022-08-22 21:55:15'),
('423', '15', '4', '3', '3665', '2981', '3636', '', '1.63', '0', '2022-08-22 21:55:15'),
('424', '27', '2', '3', '5873', '2334', '2397', 'Vo85%', '2.32', '0', '2022-08-22 21:55:15'),
('425', '1', '31', '3', '2914', '3945', '2997', '', '2.52', '0', '2022-08-22 21:55:15'),
('426', '22', '40', '3', '2854', '3369', '4339', '', '1.63', '0', '2022-08-22 21:55:15'),
('427', '33', '25', '3', '3041', '3083', '4392', '', '1.63', '0', '2022-08-22 21:55:15'),
('428', '13', '52', '3', '3335', '3344', '4111', '全色Pe90%', '2.5', '0', '2022-08-22 21:55:15'),
('429', '17', '6', '3', '3158', '3103', '3928', '', '1.63', '0', '2022-08-22 21:55:15'),
('430', '7', '26', '3', '3103', '4251', '2910', '', '1.73', '0', '2022-08-22 21:55:15'),
('431', '8', '11', '3', '3079', '3090', '4159', '', '2.46', '0', '2022-08-22 21:55:15'),
('432', '2', '28', '3', '3200', '3405', '3490', 'ALL35%', '1.63', '0', '2022-08-22 21:55:15'),
('433', '9', '3', '3', '3003', '3015', '4310', '', '1.63', '0', '2022-08-22 21:55:15'),
('434', '15', '13', '3', '3028', '3080', '4174', '', '2.52', '0', '2022-08-22 21:55:15'),
('435', '52', '53', '3', '3457', '3461', '3481', 'ALL35%', '2.52', '0', '2022-08-22 21:55:15'),
('436', '12', '1', '3', '4339', '3005', '2979', '', '1.73', '0', '2022-08-22 21:55:15'),
('437', '38', '1', '3', '3933', '3226', '3337', '', '1.63', '0', '2022-08-22 21:55:15'),
('438', '1', '29', '3', '4038', '3039', '2961', '', '2.46', '0', '2022-08-22 21:55:15'),
('439', '37', '20', '3', '4431', '3137', '3132', '', '1.73', '0', '2022-08-22 21:55:15'),
('440', '35', '36', '3', '2333', '2385', '5868', '', '1.73', '0', '2022-08-22 21:55:15'),
('441', '2', '1', '3', '2802', '3039', '4248', '', '1.73', '0', '2022-08-22 21:55:15'),
('442', '51', '44', '3', '2224', '2233', '5859', 'Pe85%', '1.73', '0', '2022-08-22 21:55:15'),
('443', '45', '46', '4', '2853', '5404', '4252', 'DaPe50%', '2.52', '1', '2022-08-22 21:55:15'),
('444', '45', '38', '4', '3761', '3820', '4961', '', '3.68', '1', '2022-08-22 21:55:15'),
('445', '45', '45', '4', '3893', '4070', '4468', '', '2.75', '1', '2022-08-22 21:55:15'),
('446', '42', '51', '4', '3493', '5120', '3792', '', '3.07', '1', '2022-08-22 21:55:15'),
('447', '73', '46', '4', '2338', '2381', '5953', '', '3.68', '0', '2022-08-22 21:55:15'),
('448', '76', '42', '4', '2350', '2418', '6019', 'Pe85%', '3.68', '0', '2022-08-22 21:55:15'),
('449', '43', '40', '4', '4878', '3571', '3833', '', '3.68', '1', '2022-08-22 21:55:15'),
('450', '6', '13', '4', '3616', '5214', '3684', '', '3.68', '1', '2022-08-22 21:55:15'),
('451', '46', '35', '4', '3993', '3839', '4659', '', '3.49', '1', '2022-08-22 21:55:15'),
('452', '52', '34', '4', '2316', '6079', '2258', '', '3.68', '0', '2022-08-22 21:55:15'),
('453', '44', '50', '4', '5000', '4296', '3070', '', '3.68', '1', '2022-08-22 21:55:15'),
('454', '2', '17', '4', '3754', '5002', '3613', '', '2.46', '1', '2022-08-22 21:55:15'),
('455', '26', '14', '4', '2473', '2424', '5764', '', '3.68', '0', '2022-08-22 21:55:15'),
('456', '37', '10', '4', '2367', '6155', '2305', '', '3.68', '0', '2022-08-22 21:55:15'),
('457', '3', '28', '4', '3669', '3701', '4887', '', '2.46', '1', '2022-08-22 21:55:15'),
('458', '46', '36', '4', '3920', '4563', '4021', '', '2.46', '1', '2022-08-22 21:55:15'),
('459', '19', '27', '4', '2192', '4162', '3983', '', '3.68', '0', '2022-08-22 21:55:15'),
('460', '6', '25', '4', '4720', '3981', '3752', '', '2.32', '1', '2022-08-22 21:55:15'),
('461', '68', '41', '4', '2357', '6006', '2293', '', '3.68', '0', '2022-08-22 21:55:15'),
('462', '45', '36', '4', '3862', '4664', '3768', '', '2.5', '1', '2022-08-22 21:55:15'),
('463', '3', '12', '4', '3497', '3508', '5322', '', '2.12', '1', '2022-08-22 21:55:15'),
('464', '42', '45', '4', '3763', '3723', '4745', '', '1.63', '1', '2022-08-22 21:55:15'),
('465', '4', '3', '4', '3376', '3405', '5263', '', '2.12', '1', '2022-08-22 21:55:15'),
('466', '2', '26', '4', '3742', '4784', '3778', '', '2.32', '1', '2022-08-22 21:55:15'),
('467', '41', '6', '4', '3644', '4833', '3790', 'ALL35%', '1.73', '1', '2022-08-22 21:55:15'),
('468', '13', '45', '4', '2339', '6248', '2206', '全色Da90%', '2.5', '0', '2022-08-22 21:55:15'),
('469', '13', '49', '4', '2369', '6039', '2384', '', '2.5', '0', '2022-08-22 21:55:15'),
('470', '45', '46', '4', '2103', '4654', '3502', 'DaPe50%', '2.52', '0', '2022-08-22 21:55:15'),
('471', '8', '8', '4', '4342', '3006', '3048', '', '3.68', '0', '2022-08-22 21:55:15'),
('472', '43', '42', '4', '3782', '3515', '4975', '', '0.67', '1', '2022-08-22 21:55:15'),
('473', '4', '27', '4', '3731', '4543', '3918', '', '1.09', '1', '2022-08-22 21:55:15'),
('474', '13', '9', '4', '1765', '4480', '4512', '全色DaPe55%', '2.52', '0', '2022-08-22 21:55:15'),
('475', '46', '49', '4', '4034', '4628', '3831', '', '0.78', '1', '2022-08-22 21:55:15'),
('476', '33', '23', '4', '2279', '2280', '5968', 'Pe85%', '2.46', '0', '2022-08-22 21:55:15'),
('477', '35', '11', '4', '2364', '6090', '2302', 'Da85%', '3.68', '0', '2022-08-22 21:55:15'),
('478', '46', '42', '4', '3905', '3811', '4692', '', '0.4', '1', '2022-08-22 21:55:15'),
('479', '22', '31', '4', '3821', '3364', '3512', 'ALL35%', '3.68', '0', '2022-08-22 21:55:15'),
('480', '74', '48', '4', '1653', '4464', '4477', 'DaPe50%', '2.52', '0', '2022-08-22 21:55:15'),
('481', '13', '6', '4', '2395', '2401', '5989', '全色Pe90%', '2.46', '0', '2022-08-22 21:55:15'),
('482', '2', '21', '4', '3792', '3818', '4752', '', '2.52', '1', '2022-08-22 21:55:15'),
('483', '7', '4', '4', '4431', '3095', '2766', '', '3.68', '0', '2022-08-22 21:55:15'),
('484', '60', '47', '4', '3224', '3055', '4390', '', '2.52', '0', '2022-08-22 21:55:15'),
('485', '22', '49', '4', '3046', '3958', '3547', '', '2.46', '0', '2022-08-22 21:55:15'),
('486', '41', '37', '4', '3777', '4211', '4219', '', '1.63', '1', '2022-08-22 21:55:15'),
('487', '28', '49', '4', '3089', '3083', '4341', '', '2.46', '0', '2022-08-22 21:55:15'),
('488', '28', '26', '4', '3521', '3559', '3565', 'ALL35%', '3.4', '0', '2022-08-22 21:55:15'),
('489', '55', '49', '4', '3377', '3459', '3608', 'ALL35%', '2.52', '0', '2022-08-22 21:55:15'),
('490', '31', '3', '4', '2318', '2377', '5960', 'Pe85%', '2.46', '0', '2022-08-22 21:55:15'),
('491', '20', '23', '4', '3768', '3756', '2998', 'VoDa50%', '2.52', '0', '2022-08-22 21:55:15'),
('492', '3', '14', '4', '3904', '3908', '4620', '', '0.4', '1', '2022-08-22 21:55:15'),
('493', '43', '39', '4', '4725', '3525', '3943', '', '1.96', '1', '2022-08-22 21:55:15'),
('494', '76', '49', '4', '4456', '3136', '3112', '', '2.46', '0', '2022-08-22 21:55:15'),
('495', '18', '8', '4', '3259', '4519', '2787', '', '2.32', '0', '2022-08-22 21:55:15'),
('496', '17', '34', '4', '3672', '2245', '4495', '', '2.52', '0', '2022-08-22 21:55:15'),
('497', '43', '40', '4', '4128', '2821', '3083', '', '3.68', '0', '2022-08-22 21:55:15'),
('498', '13', '42', '4', '6135', '2345', '2310', '全色Vo90%', '2.46', '0', '2022-08-22 21:55:15'),
('499', '32', '40', '4', '2308', '2383', '5893', '', '2.32', '0', '2022-08-22 21:55:15'),
('500', '35', '44', '4', '2365', '6060', '2330', '', '3.49', '0', '2022-08-22 21:55:15'),
('501', '27', '24', '4', '3648', '3498', '3463', 'ALL35%', '2.52', '0', '2022-08-22 21:55:15'),
('502', '47', '6', '4', '2213', '5864', '2213', 'Da85%', '2.46', '0', '2022-08-22 21:55:15'),
('503', '27', '28', '4', '3016', '4402', '3170', '', '2.52', '0', '2022-08-22 21:55:15'),
('504', '52', '46', '4', '3014', '4326', '2989', '', '1.73', '0', '2022-08-22 21:55:15'),
('505', '37', '47', '4', '4320', '4361', '2006', 'VoDa50%', '2.32', '0', '2022-08-22 21:55:15'),
('506', '6', '13', '4', '2866', '4464', '2934', '', '3.68', '0', '2022-08-22 21:55:15'),
('507', '32', '23', '4', '2315', '2371', '5884', 'Pe85%', '1.63', '0', '2022-08-22 21:55:15'),
('508', '13', '10', '4', '3653', '3568', '3482', '全色ALL40%', '2.32', '0', '2022-08-22 21:55:15'),
('509', '12', '14', '4', '3428', '3459', '3444', 'ALL35%', '2.32', '0', '2022-08-22 21:55:15'),
('510', '49', '51', '4', '2979', '2994', '4335', '', '2.46', '0', '2022-08-22 21:55:15'),
('511', '9', '16', '4', '5917', '2253', '2230', '', '3.4', '0', '2022-08-22 21:55:15'),
('512', '55', '41', '4', '3102', '4224', '3105', '', '2.46', '0', '2022-08-22 21:55:15'),
('513', '1', '11', '4', '4697', '3718', '3822', '', '1.73', '1', '2022-08-22 21:55:15'),
('514', '42', '51', '4', '2743', '4370', '3042', '', '2.52', '0', '2022-08-22 21:55:15'),
('515', '17', '24', '4', '4028', '2441', '4050', 'VoPe50%', '2.46', '0', '2022-08-22 21:55:15'),
('516', '13', '27', '4', '6049', '2380', '2354', '全色Vo90%', '2.5', '0', '2022-08-22 21:55:15'),
('517', '48', '47', '4', '4060', '2184', '4042', 'VoPe50%', '2.46', '0', '2022-08-22 21:55:15'),
('518', '28', '27', '4', '3059', '3110', '4395', '', '1.73', '0', '2022-08-22 21:55:15'),
('519', '42', '41', '4', '3925', '4241', '4217', 'ALL35%', '0.3', '1', '2022-08-22 21:55:15'),
('520', '65', '36', '4', '3436', '3501', '3671', 'ALL35%', '2.52', '0', '2022-08-22 21:55:15'),
('521', '58', '39', '4', '2209', '3912', '4425', '', '2.52', '0', '2022-08-22 21:55:15'),
('522', '6', '7', '4', '2839', '4816', '4764', 'DaPe50%', '0.3', '1', '2022-08-22 21:55:15'),
('523', '21', '7', '4', '3017', '4559', '2970', '', '2.52', '0', '2022-08-22 21:55:15'),
('524', '3', '9', '4', '3732', '3605', '4891', '', '0.26', '1', '2022-08-22 21:55:15'),
('525', '10', '4', '4', '4364', '4355', '1666', 'VoDa50%', '2.52', '0', '2022-08-22 21:55:15'),
('526', '45', '38', '4', '3011', '3070', '4211', '', '2.32', '0', '2022-08-22 21:55:15'),
('527', '44', '50', '4', '4250', '3546', '2320', '', '3.68', '0', '2022-08-22 21:55:15'),
('528', '47', '41', '4', '2903', '4251', '3110', '', '2.32', '0', '2022-08-22 21:55:15'),
('529', '40', '35', '4', '3606', '3633', '3621', 'ALL40％', '2.52', '0', '2022-08-22 21:55:15'),
('530', '37', '12', '4', '4464', '3153', '3077', '', '2.46', '0', '2022-08-22 21:55:15'),
('531', '34', '28', '4', '4383', '3114', '3095', '', '2.46', '0', '2022-08-22 21:55:15'),
('532', '1', '25', '4', '4113', '4273', '3804', '', '0.4', '1', '2022-08-22 21:55:15'),
('533', '2', '17', '4', '3004', '4252', '2863', '', '2.46', '0', '2022-08-22 21:55:15'),
('534', '18', '4', '4', '4608', '2165', '3682', '', '2.46', '0', '2022-08-22 21:55:15'),
('535', '59', '37', '4', '3369', '4095', '3129', '', '2.46', '0', '2022-08-22 21:55:15'),
('536', '21', '9', '4', '4462', '3166', '2928', '', '2.32', '0', '2022-08-22 21:55:15'),
('537', '17', '43', '4', '4360', '3138', '2940', '', '1.73', '0', '2022-08-22 21:55:15'),
('538', '35', '35', '4', '3615', '3621', '3521', 'ALL35%', '2.46', '0', '2022-08-22 21:55:15'),
('539', '3', '28', '4', '2919', '2951', '4137', '', '2.46', '0', '2022-08-22 21:55:15'),
('540', '49', '37', '4', '2962', '4297', '3023', '', '2.52', '0', '2022-08-22 21:55:15'),
('541', '46', '36', '4', '3170', '3813', '3271', '', '2.46', '0', '2022-08-22 21:55:15'),
('542', '59', '34', '4', '4333', '3054', '3122', '', '1.73', '0', '2022-08-22 21:55:15'),
('543', '13', '1', '4', '3598', '3592', '3595', '全色ALL40％', '2.32', '0', '2022-08-22 21:55:15'),
('544', '8', '3', '4', '2282', '4010', '3993', 'DaPe50%', '1.73', '0', '2022-08-22 21:55:15'),
('545', '6', '25', '4', '3970', '3231', '3002', '', '2.32', '0', '2022-08-22 21:55:15'),
('546', '13', '50', '4', '4504', '4521', '1756', '全色VoDa55％', '2.52', '0', '2022-08-22 21:55:15'),
('547', '22', '26', '4', '2256', '4219', '4171', 'DaPe50%', '1.63', '0', '2022-08-22 21:55:15'),
('548', '54', '48', '4', '3042', '3090', '4171', '', '1.73', '0', '2022-08-22 21:55:15'),
('549', '32', '52', '4', '5983', '2364', '2314', '', '3.68', '0', '2022-08-22 21:55:15'),
('550', '6', '11', '4', '4737', '3899', '3759', '', '0.68', '1', '2022-08-22 21:55:15'),
('551', '15', '30', '4', '3036', '4260', '3003', '', '2.32', '0', '2022-08-22 21:55:15'),
('552', '54', '35', '4', '2932', '3720', '3642', '', '2.32', '0', '2022-08-22 21:55:15'),
('553', '48', '50', '4', '3003', '3005', '4291', '', '2.32', '0', '2022-08-22 21:55:15'),
('554', '19', '25', '4', '4005', '3310', '3239', '', '1.63', '0', '2022-08-22 21:55:15'),
('555', '31', '9', '4', '4290', '2007', '4295', '', '1.63', '0', '2022-08-22 21:55:15'),
('556', '11', '25', '4', '5890', '2229', '2271', '', '2.46', '0', '2022-08-22 21:55:15'),
('557', '54', '32', '4', '3667', '2984', '3637', '', '2.46', '0', '2022-08-22 21:55:15'),
('558', '2', '26', '4', '2992', '4034', '3028', '', '2.32', '0', '2022-08-22 21:55:15'),
('559', '51', '33', '4', '4320', '3006', '3011', '', '2.52', '0', '2022-08-22 21:55:15'),
('560', '23', '22', '4', '4338', '3030', '3118', '', '2.46', '0', '2022-08-22 21:55:15'),
('561', '34', '31', '4', '3533', '3554', '3512', 'ALL35%', '1.73', '0', '2022-08-22 21:55:15'),
('562', '15', '18', '4', '4155', '3110', '3025', '', '2.52', '0', '2022-08-22 21:55:15'),
('563', '70', '53', '4', '5966', '2392', '2307', '', '3.4', '0', '2022-08-22 21:55:15'),
('564', '26', '54', '4', '3223', '4458', '2924', '', '2.52', '0', '2022-08-22 21:55:15'),
('565', '40', '37', '4', '4517', '3147', '3183', '', '1.63', '0', '2022-08-22 21:55:15'),
('566', '18', '1', '4', '2837', '2968', '4672', '', '1.73', '0', '2022-08-22 21:55:15'),
('567', '12', '56', '4', '5899', '2235', '2267', '', '3.4', '0', '2022-08-22 21:55:15'),
('568', '37', '53', '4', '4462', '3185', '3039', '', '2.46', '0', '2022-08-22 21:55:15'),
('569', '49', '39', '4', '2994', '2980', '4317', '', '1.73', '0', '2022-08-22 21:55:15'),
('570', '22', '50', '4', '3992', '4135', '2411', 'VoDa50%', '1.73', '0', '2022-08-22 21:55:15'),
('571', '70', '35', '4', '4300', '2026', '4256', 'VoPe50%', '1.73', '0', '2022-08-22 21:55:15'),
('572', '2', '21', '4', '3042', '3068', '4002', '', '2.52', '0', '2022-08-22 21:55:15'),
('573', '9', '19', '4', '4311', '2990', '3021', '', '2.52', '0', '2022-08-22 21:55:15'),
('574', '10', '56', '4', '3425', '3436', '3464', 'ALL35%', '2.32', '0', '2022-08-22 21:55:15'),
('575', '62', '52', '4', '4371', '3192', '2999', '', '2.32', '0', '2022-08-22 21:55:15'),
('576', '39', '19', '4', '3569', '3592', '3531', 'ALL35%', '1.73', '0', '2022-08-22 21:55:15'),
('577', '25', '55', '4', '3199', '3046', '4301', '', '1.73', '0', '2022-08-22 21:55:15'),
('578', '38', '20', '4', '3251', '3972', '3271', '', '1.73', '0', '2022-08-22 21:55:15'),
('579', '30', '11', '4', '4356', '3076', '3019', '', '1.73', '0', '2022-08-22 21:55:15'),
('580', '50', '44', '4', '4296', '3000', '2983', '', '2.32', '0', '2022-08-22 21:55:15'),
('581', '39', '54', '4', '4445', '3165', '3088', '', '1.73', '0', '2022-08-22 21:55:15'),
('582', '15', '10', '4', '3060', '3102', '4122', '', '1.73', '0', '2022-08-22 21:55:15'),
('583', '51', '52', '4', '3442', '3413', '3475', 'ALL35%', '1.63', '0', '2022-08-22 21:55:15'),
('584', '50', '6', '4', '3418', '3441', '3454', 'ALL35%', '1.63', '0', '2022-08-22 21:55:15'),
('585', '41', '6', '4', '2894', '4083', '3040', 'ALL35%', '1.73', '0', '2022-08-22 21:55:15'),
('586', '3', '12', '4', '2747', '2758', '4572', '', '1.63', '0', '2022-08-22 21:55:15'),
('587', '1', '11', '4', '3947', '2968', '3072', '', '1.73', '0', '2022-08-22 21:55:15'),
('588', '42', '45', '4', '3013', '2973', '3995', '', '1.63', '0', '2022-08-22 21:55:15'),
('589', '41', '37', '4', '3027', '3461', '3469', '', '1.63', '0', '2022-08-22 21:55:15'),
('590', '4', '3', '4', '2626', '2655', '4513', '', '1.73', '0', '2022-08-22 21:55:15'),
('591', '42', '47', '5', '3707', '3660', '5061', '', '3.68', '1', '2022-08-22 21:55:15'),
('592', '43', '45', '5', '3760', '3925', '4680', '', '3.14', '1', '2022-08-22 21:55:15'),
('593', '41', '46', '5', '3685', '4346', '4186', '', '2.32', '1', '2022-08-22 21:55:15'),
('594', '41', '43', '5', '4237', '4387', '3714', 'ALL35%', '2.52', '1', '2022-08-22 21:55:15'),
('595', '4', '18', '5', '4750', '4597', '2896', '', '3.68', '1', '2022-08-22 21:55:15'),
('596', '6', '17', '5', '4702', '4046', '3759', '', '2.52', '1', '2022-08-22 21:55:15'),
('597', '44', '6', '5', '3664', '4828', '3861', '', '2.52', '1', '2022-08-22 21:55:15'),
('598', '2', '16', '5', '3521', '3736', '5119', '', '2.46', '1', '2022-08-22 21:55:15'),
('599', '42', '38', '5', '4198', '4212', '3979', 'ALL35%', '2.46', '1', '2022-08-22 21:55:15'),
('600', '1', '27', '5', '4029', '4024', '4022', '', '2.32', '1', '2022-08-22 21:55:15'),
('601', '27', '27', '5', '4421', '3152', '3094', '', '3.68', '0', '2022-08-22 21:55:15'),
('602', '11', '8', '5', '2283', '6045', '2315', '', '3.68', '0', '2022-08-22 21:55:15'),
('603', '49', '46', '5', '4325', '2976', '3021', '', '3.4', '0', '2022-08-22 21:55:15'),
('604', '2', '23', '5', '5019', '3662', '3632', '', '1.73', '1', '2022-08-22 21:55:15'),
('605', '3', '1', '5', '3795', '4813', '3681', '', '3.05', '1', '2022-08-22 21:55:15'),
('606', '39', '4', '5', '2374', '2409', '6006', '', '3.68', '0', '2022-08-22 21:55:15'),
('607', '35', '51', '5', '2353', '2391', '6012', 'Pe85%', '3.68', '0', '2022-08-22 21:55:15'),
('608', '2', '31', '5', '4355', '3815', '4148', '', '2.5', '1', '2022-08-22 21:55:15'),
('609', '58', '49', '5', '4501', '2174', '3658', '', '3.68', '0', '2022-08-22 21:55:15'),
('610', '47', '45', '5', '3044', '2958', '4281', '', '3.68', '0', '2022-08-22 21:55:15'),
('611', '35', '28', '5', '4542', '4574', '1639', 'VoDa50%', '3.68', '0', '2022-08-22 21:55:15'),
('612', '46', '40', '5', '4747', '4005', '3757', '', '1.73', '1', '2022-08-22 21:55:15'),
('613', '6', '12', '5', '3980', '4665', '3769', '', '1.86', '1', '2022-08-22 21:55:15'),
('614', '37', '24', '5', '5991', '2384', '2337', 'Vo85%', '3.4', '0', '2022-08-22 21:55:15'),
('615', '5', '11', '5', '5496', '2855', '4149', 'VoPe50%', '2.52', '1', '2022-08-22 21:55:15'),
('616', '5', '28', '5', '4517', '3958', '3927', '', '1.73', '1', '2022-08-22 21:55:15'),
('617', '42', '47', '5', '2957', '2910', '4311', '', '3.68', '0', '2022-08-22 21:55:15'),
('618', '3', '3', '5', '3683', '4819', '3766', '', '1.73', '1', '2022-08-22 21:55:15'),
('619', '22', '41', '5', '5928', '2343', '2424', '', '3.4', '0', '2022-08-22 21:55:15'),
('620', '1', '9', '5', '3636', '4339', '4257', 'ALL35%', '1.63', '1', '2022-08-22 21:55:15'),
('621', '48', '48', '5', '2995', '4316', '3068', '', '3.68', '0', '2022-08-22 21:55:15'),
('622', '40', '43', '5', '3177', '4528', '3150', '', '2.46', '0', '2022-08-22 21:55:15'),
('623', '68', '40', '5', '2346', '5990', '2319', '', '3.4', '0', '2022-08-22 21:55:15'),
('624', '5', '26', '5', '3906', '3826', '4689', '', '1.86', '1', '2022-08-22 21:55:15'),
('625', '63', '42', '5', '3630', '3451', '3496', 'ALL35%', '2.52', '0', '2022-08-22 21:55:15'),
('626', '13', '43', '5', '4511', '4491', '1750', '全色VoDa55%', '2.52', '0', '2022-08-22 21:55:15'),
('627', '43', '35', '5', '3791', '4020', '4593', '', '2.01', '1', '2022-08-22 21:55:15'),
('628', '37', '37', '5', '3588', '3635', '3598', 'ALL35%', '3.49', '0', '2022-08-22 21:55:15'),
('629', '43', '36', '5', '3931', '4211', '4244', 'ALL35%', '1.63', '1', '2022-08-22 21:55:15'),
('630', '40', '50', '5', '3631', '3637', '3604', '2.25倍', '3.68', '0', '2022-08-22 21:55:15'),
('631', '46', '50', '5', '3933', '3851', '4636', '', '1.96', '1', '2022-08-22 21:55:15'),
('632', '42', '34', '5', '3854', '4645', '3879', '', '0.78', '1', '2022-08-22 21:55:15'),
('633', '70', '33', '5', '2369', '6020', '2275', '', '3.68', '0', '2022-08-22 21:55:15'),
('634', '51', '42', '5', '4404', '1620', '4375', 'VoPe50%', '2.46', '0', '2022-08-22 21:55:15'),
('635', '62', '39', '5', '2304', '6039', '2326', '', '3.68', '0', '2022-08-22 21:55:15'),
('636', '2', '14', '5', '3951', '4723', '3629', '', '0.78', '1', '2022-08-22 21:55:15'),
('637', '10', '26', '5', '2221', '2224', '5951', '', '3.68', '0', '2022-08-22 21:55:15'),
('638', '65', '34', '5', '2350', '2339', '5911', 'Pe85%', '2.46', '0', '2022-08-22 21:55:15'),
('639', '34', '8', '5', '3117', '3123', '4338', '', '2.52', '0', '2022-08-22 21:55:15'),
('640', '60', '34', '5', '3182', '4493', '2983', '', '2.32', '0', '2022-08-22 21:55:15'),
('641', '73', '47', '5', '5926', '2383', '2295', 'Vo85%', '2.46', '0', '2022-08-22 21:55:15'),
('642', '41', '48', '5', '3667', '3830', '4726', '', '1.09', '1', '2022-08-22 21:55:15'),
('643', '13', '4', '5', '6022', '2384', '2378', '全色Vo90%', '2.46', '0', '2022-08-22 21:55:15'),
('644', '3', '13', '5', '4443', '4042', '3883', '', '1.73', '1', '2022-08-22 21:55:15'),
('645', '13', '48', '5', '3619', '3595', '3575', '全色ALL40%', '2.5', '0', '2022-08-22 21:55:15'),
('646', '1', '10', '5', '3683', '4346', '4357', '', '0.67', '1', '2022-08-22 21:55:15'),
('647', '41', '43', '5', '3487', '3687', '2964', 'ALL35%', '2.52', '0', '2022-08-22 21:55:15'),
('648', '18', '14', '5', '4639', '3681', '2131', '', '2.46', '0', '2022-08-22 21:55:15'),
('649', '41', '46', '5', '2935', '3596', '3436', '', '2.32', '0', '2022-08-22 21:55:15'),
('650', '13', '3', '5', '4466', '4350', '1937', '全色VoDa55%', '2.52', '0', '2022-08-22 21:55:15'),
('651', '68', '42', '5', '3084', '3122', '4385', '', '1.73', '0', '2022-08-22 21:55:15'),
('652', '60', '40', '5', '3597', '3598', '3476', 'ALL35%', '2.52', '0', '2022-08-22 21:55:15'),
('653', '25', '10', '5', '3050', '4602', '2935', '', '2.46', '0', '2022-08-22 21:55:15'),
('654', '8', '23', '5', '3015', '4302', '2988', 'Da85%', '2.32', '0', '2022-08-22 21:55:15'),
('655', '76', '51', '5', '4444', '3187', '3061', '', '2.32', '0', '2022-08-22 21:55:15'),
('656', '13', '12', '5', '2282', '5970', '2537', '全色Da90%', '2.46', '0', '2022-08-22 21:55:15'),
('657', '16', '24', '5', '4263', '3104', '3062', '', '2.52', '0', '2022-08-22 21:55:15'),
('658', '43', '45', '5', '3010', '3175', '3930', '', '2.46', '0', '2022-08-22 21:55:15'),
('659', '35', '40', '5', '6050', '2406', '2297', '', '2.32', '0', '2022-08-22 21:55:15'),
('660', '59', '51', '5', '3387', '3583', '3594', 'ALL35%', '2.32', '0', '2022-08-22 21:55:15'),
('661', '63', '41', '5', '4339', '3065', '3070', '', '2.52', '0', '2022-08-22 21:55:15'),
('662', '7', '14', '5', '2335', '5854', '2094', 'Da85%', '2.32', '0', '2022-08-22 21:55:15'),
('663', '6', '26', '5', '3807', '4528', '4127', '', '0.78', '1', '2022-08-22 21:55:15'),
('664', '36', '54', '5', '2322', '2354', '6000', '', '3.68', '0', '2022-08-22 21:55:15'),
('665', '4', '18', '5', '4000', '3847', '2146', '', '3.68', '0', '2022-08-22 21:55:15'),
('666', '19', '10', '5', '4252', '2163', '4092', '', '2.32', '0', '2022-08-22 21:55:15'),
('667', '50', '38', '5', '4366', '1626', '4390', 'VoPe50%', '2.52', '0', '2022-08-22 21:55:15'),
('668', '3', '24', '5', '3530', '4973', '3767', '', '0.3', '1', '2022-08-22 21:55:15'),
('669', '12', '28', '5', '2254', '2247', '5883', '', '2.52', '0', '2022-08-22 21:55:15'),
('670', '7', '16', '5', '3043', '3060', '4166', '', '2.52', '0', '2022-08-22 21:55:15'),
('671', '28', '28', '5', '1996', '4257', '4297', 'DaPe50%', '2.32', '0', '2022-08-22 21:55:15'),
('672', '8', '25', '5', '3527', '3504', '3259', 'ALL35%', '2.52', '0', '2022-08-22 21:55:15'),
('673', '6', '17', '5', '3952', '3296', '3009', '', '2.52', '0', '2022-08-22 21:55:15'),
('674', '15', '3', '5', '3673', '2980', '3628', '', '2.52', '0', '2022-08-22 21:55:15'),
('675', '44', '6', '5', '2914', '4078', '3111', '', '2.52', '0', '2022-08-22 21:55:15'),
('676', '31', '26', '5', '4394', '3127', '3056', '', '2.52', '0', '2022-08-22 21:55:15'),
('677', '2', '16', '5', '2771', '2986', '4369', '', '2.46', '0', '2022-08-22 21:55:15'),
('678', '7', '20', '5', '2916', '4382', '2999', '', '3.68', '0', '2022-08-22 21:55:15'),
('679', '70', '36', '5', '3092', '4407', '3071', '', '2.32', '0', '2022-08-22 21:55:15'),
('680', '37', '26', '5', '3108', '4511', '3075', '', '2.32', '0', '2022-08-22 21:55:15'),
('681', '42', '38', '5', '3448', '3462', '3229', 'ALL35%', '2.46', '0', '2022-08-22 21:55:15'),
('682', '1', '27', '5', '3279', '3274', '3272', '', '2.32', '0', '2022-08-22 21:55:15'),
('683', '17', '37', '5', '4027', '4096', '2379', 'VoDa50%', '2.46', '0', '2022-08-22 21:55:15'),
('684', '17', '8', '5', '2943', '4327', '3121', '', '1.73', '0', '2022-08-22 21:55:15'),
('685', '35', '22', '5', '2366', '2401', '5991', '', '2.46', '0', '2022-08-22 21:55:15'),
('686', '14', '31', '5', '3319', '3674', '3459', 'ALL35%', '2.52', '0', '2022-08-22 21:55:15'),
('687', '36', '4', '5', '3119', '3143', '4331', '', '1.73', '0', '2022-08-22 21:55:15'),
('688', '74', '6', '5', '3525', '3523', '3547', 'ALL35%', '1.73', '0', '2022-08-22 21:55:15'),
('689', '32', '6', '5', '5957', '2371', '2262', 'Vo85%', '1.73', '0', '2022-08-22 21:55:15'),
('690', '26', '17', '5', '4428', '4278', '1899', 'VoDa50%', '1.73', '0', '2022-08-22 21:55:15'),
('691', '37', '48', '5', '3140', '4514', '3058', '', '1.63', '0', '2022-08-22 21:55:15'),
('692', '22', '24', '5', '4200', '3161', '3114', '', '1.73', '0', '2022-08-22 21:55:15'),
('693', '13', '35', '5', '3582', '3568', '3553', '全色ALL40%', '2.32', '0', '2022-08-22 21:55:15'),
('694', '13', '11', '5', '2382', '2374', '6027', '全色Pe90％', '2.46', '0', '2022-08-22 21:55:15'),
('695', '52', '33', '5', '4400', '4393', '1605', 'VoDa50%', '2.52', '0', '2022-08-22 21:55:15'),
('696', '23', '4', '5', '3439', '3512', '3582', 'ALL35%', '1.63', '0', '2022-08-22 21:55:15'),
('697', '26', '1', '5', '4525', '3202', '2894', '', '2.46', '0', '2022-08-22 21:55:15'),
('698', '9', '31', '5', '3014', '3019', '4278', '', '2.46', '0', '2022-08-22 21:55:15'),
('699', '35', '9', '5', '4275', '4359', '1955', 'VoDa50%', '1.63', '0', '2022-08-22 21:55:15'),
('700', '33', '24', '5', '3032', '3027', '4420', '', '1.63', '0', '2022-08-22 21:55:15'),
('701', '18', '25', '5', '2931', '4406', '3142', '', '1.73', '0', '2022-08-22 21:55:15'),
('702', '51', '37', '5', '1875', '4236', '4223', 'DaPe50%', '2.32', '0', '2022-08-22 21:55:15'),
('703', '17', '22', '5', '3626', '4594', '2181', '', '2.52', '0', '2022-08-22 21:55:15'),
('704', '57', '39', '5', '3051', '2893', '4555', '', '2.32', '0', '2022-08-22 21:55:15'),
('705', '21', '12', '5', '4003', '3404', '3150', '', '1.73', '0', '2022-08-22 21:55:15'),
('706', '24', '9', '5', '3149', '2945', '4217', '', '1.73', '0', '2022-08-22 21:55:15'),
('707', '17', '48', '5', '4258', '3008', '3164', '', '1.63', '0', '2022-08-22 21:55:15'),
('708', '9', '22', '5', '3424', '3441', '3448', 'ALL35%', '2.46', '0', '2022-08-22 21:55:15'),
('709', '13', '56', '5', '2354', '4236', '4192', '全色DaPe55％', '2.52', '0', '2022-08-22 21:55:15'),
('710', '46', '40', '5', '3997', '3255', '3007', '', '1.73', '0', '2022-08-22 21:55:15'),
('711', '13', '55', '5', '6045', '2386', '2354', '', '2.5', '0', '2022-08-22 21:55:15'),
('712', '10', '28', '5', '2970', '2970', '4363', '', '1.63', '0', '2022-08-22 21:55:15'),
('713', '32', '19', '5', '2329', '2387', '5857', '', '2.52', '0', '2022-08-22 21:55:15'),
('714', '5', '11', '5', '4746', '2105', '3399', 'VoPe50%', '2.52', '0', '2022-08-22 21:55:15'),
('715', '62', '37', '5', '5915', '2366', '2322', 'Vo85%', '1.63', '0', '2022-08-22 21:55:15'),
('716', '5', '28', '5', '3767', '3208', '3177', '', '1.73', '0', '2022-08-22 21:55:15'),
('717', '1', '21', '5', '4161', '4240', '3837', '', '0.78', '1', '2022-08-22 21:55:15'),
('718', '38', '54', '5', '2244', '4142', '4210', 'DaPe50%', '2.52', '0', '2022-08-22 21:55:15'),
('719', '28', '52', '5', '3097', '3079', '4396', '', '2.52', '0', '2022-08-22 21:55:15'),
('720', '47', '36', '5', '2991', '4367', '2908', '', '1.73', '0', '2022-08-22 21:55:15'),
('721', '20', '7', '5', '3120', '3092', '4259', '', '1.63', '0', '2022-08-22 21:55:15'),
('722', '22', '22', '5', '2244', '2564', '5880', '', '1.63', '0', '2022-08-22 21:55:15'),
('723', '31', '20', '5', '3548', '3546', '3495', 'ALL35%', '2.32', '0', '2022-08-22 21:55:15'),
('724', '3', '1', '5', '3045', '4063', '2931', '', '2.32', '0', '2022-08-22 21:55:15'),
('725', '11', '2', '5', '3454', '3463', '3412', 'ALL35%', '2.32', '0', '2022-08-22 21:55:15'),
('726', '25', '11', '5', '3217', '3185', '4122', '', '1.63', '0', '2022-08-22 21:55:15'),
('727', '27', '19', '5', '3185', '3092', '4258', '', '1.63', '0', '2022-08-22 21:55:15'),
('728', '65', '44', '5', '2274', '4156', '4128', 'DaPe50%', '1.63', '0', '2022-08-22 21:55:15'),
('729', '49', '53', '5', '3001', '2984', '4285', '', '1.73', '0', '2022-08-22 21:55:15'),
('730', '12', '55', '5', '3009', '4336', '2984', '', '1.63', '0', '2022-08-22 21:55:15'),
('731', '49', '44', '5', '3369', '3349', '3401', '2.25倍', '1.73', '0', '2022-08-22 21:55:15'),
('732', '3', '13', '5', '3693', '3292', '3133', '', '1.73', '0', '2022-08-22 21:55:15'),
('733', '43', '35', '5', '3041', '3270', '3843', '', '1.63', '0', '2022-08-22 21:55:15'),
('734', '2', '23', '5', '4269', '2912', '2882', '', '1.73', '0', '2022-08-22 21:55:15'),
('735', '43', '36', '5', '3181', '3461', '3494', 'ALL35%', '1.63', '0', '2022-08-22 21:55:15'),
('736', '3', '3', '5', '2933', '4069', '3016', '', '1.73', '0', '2022-08-22 21:55:15'),
('737', '1', '9', '5', '2886', '3589', '3507', 'ALL35%', '1.63', '0', '2022-08-22 21:55:15'),
('739', '7', '9', '1', '3579', '3858', '5101', '', '3.68', '1', '2022-09-18 13:12:38'),
('740', '7', '19', '1', '3775', '3701', '5037', '', '1.73', '1', '2022-09-18 13:16:41'),
('741', '7', '11', '1', '5045', '3902', '3551', '', '0.78', '1', '2022-09-18 13:25:12'),
('742', '7', '28', '1', '3798', '3784', '4913', '', '0.78', '1', '2022-09-18 13:25:12'),
('743', '7', '55', '1', '5011', '3671', '3717', '', '0.68', '1', '2022-09-18 13:25:12'),
('744', '8', '17', '1', '3779', '3888', '4967', '', '3.68', '1', '2022-09-18 13:32:14'),
('745', '8', '54', '1', '3766', '3755', '5033', '', '1.63', '1', '2022-09-18 13:32:14'),
('746', '9', '56', '1', '2670', '4923', '4964', '', '2.46', '1', '2022-09-18 13:36:00'),
('747', '9', '14', '1', '4615', '3889', '3961', '', '2.34', '1', '2022-09-18 13:36:00'),
('752', '78', '14', '1', '3011', '3024', '4315', '', '2.52', '0', '2022-09-18 13:49:11'),
('753', '80', '22', '1', '2308', '6079', '2262', '', '3.68', '0', '2022-09-18 13:49:11'),
('754', '78', '26', '2', '5881', '2254', '2218', 'Vo85%', '2.52', '0', '2022-09-18 13:56:38'),
('755', '80', '3', '2', '3467', '3466', '3428', 'ALL35%', '2.46', '0', '2022-09-18 13:56:38'),
('756', '78', '11', '3', '2299', '6063', '2284', '', '3.68', '0', '2022-09-18 14:00:50'),
('757', '78', '12', '3', '3029', '4322', '2995', '', '1.73', '0', '2022-09-18 14:00:50'),
('758', '80', '20', '3', '4356', '2998', '2995', '', '1.63', '0', '2022-09-18 14:00:50'),
('763', '78', '31', '4', '2279', '2258', '5860', '', '3.4', '0', '2022-09-18 14:03:19'),
('764', '78', '55', '4', '4316', '3020', '3005', '', '2.32', '0', '2022-09-18 14:03:19'),
('765', '78', '22', '4', '4231', '4210', '1898', 'VoDa50%', '1.63', '0', '2022-09-18 14:03:19'),
('766', '80', '28', '4', '3025', '4334', '3008', '', '2.52', '0', '2022-09-18 14:03:19'),
('767', '78', '19', '5', '3457', '3468', '3426', 'ALL35%', '2.46', '0', '2022-09-18 14:05:09'),
('768', '79', '45', '1', '5894', '2258', '2243', '', '3.40', '0', '2022-09-18 14:08:02'),
('769', '79', '33', '1', '4341', '3010', '2978', '', '2.46', '0', '2022-09-18 14:08:02'),
('771', '79', '44', '2', '4239', '1912', '4194', 'VoDa50%', '1.63', '0', '2022-09-18 14:09:22'),
('772', '81', '53', '2', '3024', '3003', '4318', '', '1.73', '0', '2022-09-18 14:09:22'),
('773', '79', '47', '2', '2309', '2274', '6070', '', '3.68', '0', '2022-09-18 14:09:53'),
('776', '79', '37', '3', '3032', '4321', '3004', '', '2.32', '0', '2022-09-18 14:11:40'),
('777', '81', '6', '3', '2248', '5867', '2235', 'Da85%', '2.46', '0', '2022-09-18 14:11:40'),
('778', '79', '43', '4', '3471', '3470', '3414', 'ALL35%', '2.52', '0', '2022-09-18 14:15:25'),
('779', '79', '52', '4', '3000', '4302', '3027', '', '1.73', '0', '2022-09-18 14:15:25'),
('780', '79', '49', '5', '2245', '5860', '2252', 'Da85%', '2.52', '0', '2022-09-18 14:16:38'),
('781', '81', '37', '5', '2298', '2292', '6051', '', '3.68', '0', '2022-09-18 14:16:38'),
('782', '81', '52', '5', '3024', '4340', '3002', '', '2.52', '0', '2022-09-18 14:16:38'),
('783', '48', '41', '1', '4162', '4202', '4186', 'ALL35%', '2.52', '1', '2022-09-18 14:22:00'),
('784', '48', '53', '1', '3934', '4626', '3949', '', '1.63', '1', '2022-09-18 14:22:00'),
('785', '48', '6', '1', '4788', '4762', '2906', 'VoDa50％', '0.55', '1', '2022-09-18 14:22:00'),
('786', '49', '35', '1', '3737', '3754', '5073', '', '3.68', '1', '2022-09-18 14:22:00'),
('787', '49', '52', '1', '3928', '4663', '3907', '', '3.49', '1', '2022-09-18 14:22:00'),
('788', '47', '35', '1', '5168', '3757', '3572', '', '2.34', '1', '2022-09-18 14:22:00'),
('789', '47', '40', '1', '4912', '3025', '4595', 'VoPe50％', '1.73', '1', '2022-09-18 14:22:00'),
('790', '47', '51', '1', '3784', '3951', '4656', '', '0.69', '1', '2022-09-18 14:22:00'),
('791', '47', '39', '1', '3974', '3841', '4632', '', '0.00', '1', '2022-09-18 14:22:00'),
('792', '48', '52', '2', '3730', '3730', '5077', '', '2.01', '1', '2022-09-18 14:24:53'),
('793', '48', '45', '2', '3915', '4651', '3905', '', '0.78', '1', '2022-09-18 14:24:53'),
('794', '48', '33', '2', '3872', '3892', '4630', '', '0.68', '1', '2022-09-18 14:24:53'),
('795', '49', '48', '2', '4928', '4939', '2667', 'VoDa50%', '3.14', '1', '2022-09-18 14:24:53'),
('796', '49', '50', '2', '5048', '3759', '3763', '', '2.52', '1', '2022-09-18 14:24:53'),
('797', '49', '34', '2', '3890', '4558', '3905', '', '0.26', '1', '2022-09-18 14:24:53'),
('798', '47', '44', '2', '4861', '3852', '3831', '', '3.68', '1', '2022-09-18 14:24:53'),
('799', '47', '49', '2', '3836', '5014', '3669', '', '2.52', '1', '2022-09-18 14:24:53'),
('800', '47', '38', '2', '3783', '3777', '4953', '', '2.46', '1', '2022-09-18 14:24:53'),
('801', '47', '46', '2', '4451', '3894', '4049', '', '0.95', '1', '2022-09-18 14:24:53'),
('802', '47', '47', '2', '3883', '3982', '4576', '', '0.57', '1', '2022-09-18 14:24:53'),
('803', '48', '34', '3', '5102', '3780', '3755', '', '3.68', '1', '2022-09-18 14:27:09'),
('804', '48', '51', '3', '3731', '5055', '3755', 'Da85%', '3.68', '1', '2022-09-18 14:27:09'),
('805', '48', '49', '3', '4616', '3894', '3947', '', '2.04', '1', '2022-09-18 14:27:09'),
('806', '48', '44', '3', '3891', '3877', '4582', '', '0.69', '1', '2022-09-18 14:27:09'),
('807', '49', '49', '3', '4160', '4149', '4230', 'ALL35%', '2.46', '1', '2022-09-18 14:27:09'),
('808', '49', '6', '3', '3871', '3905', '4636', '', '1.43', '1', '2022-09-18 14:27:09'),
('809', '47', '43', '3', '3806', '5146', '3592', '', '3.68', '1', '2022-09-18 14:27:09'),
('810', '47', '50', '3', '4657', '3857', '3923', '', '1.09', '1', '2022-09-18 14:27:09'),
('811', '47', '37', '3', '4286', '4271', '3977', 'ALL35%', '0.78', '1', '2022-09-18 14:27:09'),
('812', '47', '42', '3', '3906', '3910', '4631', '', '0.30', '1', '2022-09-18 14:27:09'),
('813', '48', '47', '4', '4810', '2934', '4792', 'VoPe50%', '3.14', '1', '2022-09-18 14:29:30'),
('814', '48', '50', '4', '3753', '3755', '5041', '', '2.32', '1', '2022-09-18 14:29:30'),
('815', '48', '35', '4', '3897', '4616', '3891', '', '0.55', '1', '2022-09-18 14:29:30'),
('816', '49', '37', '4', '3712', '5047', '3773', '', '2.52', '1', '2022-09-18 14:29:30'),
('817', '49', '51', '4', '3729', '3744', '5085', '', '2.46', '1', '2022-09-18 14:29:30'),
('818', '49', '39', '4', '3744', '3730', '5067', '', '1.73', '1', '2022-09-18 14:29:30'),
('819', '49', '33', '4', '4610', '3869', '3924', '', '0.40', '1', '2022-09-18 14:29:30'),
('820', '47', '41', '4', '3653', '5001', '3860', '', '3.68', '1', '2022-09-18 14:29:30'),
('821', '47', '6', '4', '2963', '6614', '2963', 'Da85％', '3.14', '1', '2022-09-18 14:29:30'),
('822', '47', '53', '4', '3764', '3706', '5024', '', '0.78', '1', '2022-09-18 14:29:30'),
('823', '47', '48', '4', '4509', '3905', '4023', '', '0.55', '1', '2022-09-18 14:29:30'),
('824', '47', '34', '4', '3942', '4635', '3860', '', '0.55', '1', '2022-09-18 14:29:30'),
('825', '48', '48', '5', '3745', '5066', '3818', '', '3.68', '1', '2022-09-18 14:32:09'),
('826', '48', '39', '5', '4642', '3900', '3965', '', '2.75', '1', '2022-09-18 14:32:09'),
('827', '48', '37', '5', '3900', '3908', '4623', '', '1.86', '1', '2022-09-18 14:32:09'),
('828', '49', '46', '5', '5075', '3726', '3771', '', '3.40', '1', '2022-09-18 14:32:09'),
('829', '49', '53', '5', '3751', '3734', '5035', '', '2.12', '1', '2022-09-18 14:32:09'),
('830', '49', '44', '5', '4119', '4099', '4151', '2.25倍', '1.73', '1', '2022-09-18 14:32:09'),
('831', '47', '45', '5', '3794', '3708', '5031', '', '3.68', '1', '2022-09-18 14:32:09'),
('832', '47', '36', '5', '3741', '5117', '3658', '', '1.73', '1', '2022-09-18 14:32:09'),
('833', '47', '52', '5', '3805', '4859', '3780', '', '1.09', '1', '2022-09-18 14:32:09'),
('834', '47', '33', '5', '4556', '4086', '3806', '', '0.00', '1', '2022-09-18 14:32:09'),
('835', '14', '29', '4', '2955', '4123', '2915', NULL, '0', '0', '2022-10-02 10:23:33'),
('836', '14', '30', '5', '2989', '2978', '4031', NULL, '1.00', '0', '2022-10-02 10:28:05'),
('837', '14', '11', '5', '3528', '2973', '3501', NULL, '0', '0', '2022-10-02 10:28:50'),
('838', '82', '16', '1', '4492', '2071', '4433', 'VoPe50%', '3.68', '0', '2022-10-02 10:57:01'),
('839', '82', '19', '1', '4582', '3241', '3171', NULL, '2.32', '0', '2022-10-02 10:58:18'),
('840', '83', '41', '1', '2409', '2431', '6141', 'Pe85%', '3.40', '0', '2022-10-02 10:58:46'),
('841', '83', '43', '1', '3200', '4630', '3156', NULL, '2.46', '0', '2022-10-02 10:59:24'),
('842', '82', '54', '2', '6232', '2421', '2354', 'Vo85%', '3.40', '0', '2022-10-02 11:00:50'),
('843', '82', '1', '2', '3652', '3699', '3654', 'ALL40%', '2.46', '0', '2022-10-02 11:01:22'),
('844', '83', '46', '2', '4631', '4637', '1701', 'VoDe50%', '3.68', '0', '2022-10-02 11:02:22'),
('845', '83', '49', '2', '3220', '4628', '3127', NULL, '1.63', '0', '2022-10-02 11:03:01'),
('846', '82', '8', '3', '3661', '3717', '3617', 'スキル2.25倍', '3.68', '0', '2022-10-02 11:04:18'),
('847', '82', '12', '3', '3216', '4636', '3151', NULL, '1.63', '0', '2022-10-02 11:05:32'),
('848', '83', '51', '3', '3667', '3720', '3620', 'ALL40%', '2.52', '0', '2022-10-02 11:06:27'),
('849', '83', '33', '3', '3193', '3241', '4550', NULL, '1.73', '0', '2022-10-02 11:07:11'),
('850', '82', '55', '4', '2403', '6243', '2350', 'Da85%', '3.49', '0', '2022-10-02 11:09:28'),
('851', '83', '52', '4', '3658', '3699', '3633', 'スキル2.25倍', '3.68', '0', '2022-10-02 11:10:04'),
('852', '83', '50', '4', '3217', '4619', '3161', NULL, '2.32', '0', '2022-10-02 11:10:36'),
('853', '82', '20', '5', '3210', '4614', '3187', NULL, '3.49', '0', '2022-10-02 11:11:16'),
('854', '82', '2', '5', '3202', '3237', '4537', NULL, '1.73', '0', '2022-10-02 11:12:08'),
('855', '83', '42', '5', '1745', '4655', '4576', 'DaPe50%', '3.49', '0', '2022-10-02 11:12:42');

INSERT OR REPLACE INTO "skills" ("id", "name", "combo_up_percent", "duration_sec", "expected_value", "interval_sec", "occurrence_percent", "score_up_percent", "created_at") VALUES
('1', '7秒おきに28%の確率で6秒間PERFECTのスコア19%アップ', NULL, '6', '3.68', '7', '28', '19', '2022-08-20 18:40:15'),
('2', '8秒おきに14%の確率で9秒間PERFECTとGREATのスコア25%アップ', NULL, '9', '3.4', '8', '14', '25', '2022-08-20 18:40:15'),
('3', '6秒おきに24%の確率で5秒間 コンボボーナス12%アップ & スコア12%アップ', '12', '5', '2.75', '6', '24', '12', '2022-08-20 18:40:15'),
('4', '7秒おきに28%の確率で6秒間PERFECTとGREATのスコア13%アップ', NULL, '6', '2.52', '7', '28', '13', '2022-08-20 18:40:15'),
('5', '4秒おき35%の確率で3秒間 スコア12%アップ', NULL, '3', '2.5', '4', '35', '12', '2022-08-20 18:40:15'),
('6', '8秒おきに16%の確率で7秒間PERFECTのスコア20%アップ', NULL, '7', '2.46', '8', '16', '20', '2022-08-20 18:40:15'),
('7', '7秒おき30%の確率で6秒間 スコア12%アップ', NULL, '6', '2.45', '7', '30', '12', '2022-08-20 18:40:15'),
('8', '9秒おきに18%の確率で7秒間 コンボボーナス19%アップ & スコア12%アップ', '19', '7', '2.34', '9', '18', '12', '2022-08-20 18:40:15'),
('9', '7秒おきに28%の確率で6秒間スコア12%アップ', NULL, '6', '2.32', '7', '28', '12', '2022-08-20 18:40:15'),
('10', '9秒おき23%の確率で8秒間 スコア12%アップ', NULL, '8', '2.04', '9', '23', '12', '2022-08-20 18:40:15'),
('11', '9秒おき22%の確率で8秒間 スコア12%アップ', NULL, '8', '1.96', '9', '22', '12', '2022-08-20 18:40:15'),
('12', '8秒おきに16%の確率で5秒間PERFECTとGREATのスコア19%アップ', NULL, '5', '1.73', '8', '16', '19', '2022-08-20 18:40:15'),
('13', '9秒おきに18%の確率で9秒間 コンボボーナス34%アップ', '34', '9', '1.73', '9', '18', NULL, '2022-08-20 18:40:15'),
('14', '8秒おきに17%の確率で5秒間スコア17%アップ', NULL, '5', '1.63', '8', '17', '17', '2022-08-20 18:40:15'),
('15', '11秒おき11%の確率で10秒間 スコア12%アップ', NULL, '10', '1.09', '11', '11', '12', '2022-08-20 18:40:15'),
('16', '7秒おき10%の確率で6秒間 スコア12%アップ', NULL, '6', '0.95', '7', '10', '12', '2022-08-20 18:40:15'),
('17', '12秒おき6%の確率で10秒間 スコア12%アップ', NULL, '10', '0.57', '12', '6', '12', '2022-08-20 18:40:15'),
('18', 'FLEEK!中、3秒おきに20%の確率でFLEEK!中のスコアが14%アップ', NULL, NULL, '0.0', '3', '20', '14', '2022-08-20 18:40:15');

